bill_name,lobbying_companies,bill_no,date introduced,sponsor,committee,state,party,no_bills_in_state,properties.color,properties.article
"To promote United States leadership in technical standards by directing the National Institute of Standards and Technology and the Department of State to take certain actions to encourage and enable United States participation in developing standards and specifications for artificial intelligence and other critical and emerging technologies, and for other purposes.",,H.R.10281,12/4/2024,"Obernolte, Jay","House - Science, Space, and Technology",California,Republican Party,35,#007281,
"To require the Federal financial agencies to carry out a study and report on standardized descriptions for vendor-provided artificial intelligence systems, and for other purposes.",,H.R.10263,11/26/2024,"Waters, Maxine",House - Financial Services,California,Democratic Party,35,#007281,
AI Act of 2024,"MOTION PICTURE ASSOCIATION INC, BROADCAST MUSIC, INC., AMERICAN MEDICAL ASSOCIATION, NCTA - THE INTERNET & TELEVISION ASSOCIATION, GOOGLE CLIENT SERVICES LLC, UNIVERSITY OF CINCINNATI, EDUCATION REFORM NOW ADVOCACY, AMERICAN COLLEGE OF SURGEONS, HARVARD UNIVERSITY--PRESIDENT AND FELLOWS OF HARVARD COLLEGE, AMPERE COMPUTING EMPLOYER LLC, BOSTON SCIENTIFIC CORPORATION, ASSOCIATION OF AMERICAN MEDICAL COLLEGES, NOVARTIS, TSMC ARIZONA, UNITED STATES BOMB TECHNICIAN ASSOCIATION, DEMOCRACY 21, COPYRIGHT CLEARANCE CENTER, MOTOROLA SOLUTIONS INC, INTERNATIONAL ALLIANCE OF THEATRICAL STAGE EMPLOYEES, AMERICAN HOSPITAL ASSOCIATION, RECORDING INDUSTRY ASSOCIATION OF AMERICA, SOCIETY FOR INDUSTRIAL AND APPLIED MATHEMATICS, SIERRA CLUB, CROWDSTRIKE, INC., LAWYERS' COMMITTEE FOR CIVIL RIGHTS UNDER LAW, AMERICAN FEDERATION OF MUSICIANS, CREDIT UNION NATIONAL ASSOCIATION, INC. DBA AMERICA'S CREDIT UNIONS, SOFTWARE & INFORMATION INDUSTRY ASSOCIATION (SIIA), INTERNATIONAL TRADEMARK ASSOCIATION, ADOBE SYSTEMS INC., MICROSOFT CORPORATION, NEWS MEDIA ALLIANCE, META PLATFORMS, INC., CALIFORNIA HOSPITAL ASSOCIATION, DIRECTORS GUILD OF AMERICA, AMERICAN CIVIL LIBERTIES UNION, FEDERAL MANAGERS ASSOCIATION, WELLSKY, INFORMATION TECHNOLOGY INDUSTRY COUNCIL (ITI), BOSTON UNIVERSITY, AMERICAN DENTAL ASSOCIATION, AMERICAN PSYCHIATRIC ASSOCIATION, NATIONAL ASSOCIATION OF CHILDREN'S HOSPITALS (N.A.C.H.), ELEVANCE HEALTH, INC., NETFLIX, INC., AMERICAN COLLEGE OF SURGEONS PROFESSIONAL ASSOCIATION, NORTHEASTERN UNIVERSITY, LEADERSHIP CONFERENCE ON CIVIL AND HUMAN RIGHTS, AMERICAN ASSOCIATION OF INDEPENDENT MUSIC, AMAZON.COM SERVICES LLC, BROADCAST MUSIC INC, ELECTRONIC FRONTIER FOUNDATION, AMERICAN FED OF GOVERNMENT EMPLOYEES AFL-CIO, NATIONAL RETAIL FEDERATION, AMERICAN FEDERATION OF TEACHERS, STANFORD UNIVERSITY, CHAMBER OF COMMERCE OF THE U.S.A., FEDERATION OF AMERICAN HOSPITALS, GLOBAL PAYMENTS, INC., AIRBNB, INC., THE NORTHWESTERN MUTUAL LIFE INSURANCE COMPANY, PUBLIC CITIZEN, KPMG LLP, GEORGIA INSTITUTE OF TECHNOLOGY, UNIVERSITY OF ILLINOIS, AMERICAN SECURITY FUND, DISNEY WORLDWIDE SERVICES INC, SONOSITE, A SUBSIDIARY OF FUJIFILM (FORMERLY SONOSITE, INC.), RECORDING INDUSTRY ASSOCIATION OF AMERICA INC, KYNDRYL INC, CLEAN ENERGY BUYERS ASSOCIATION (FORMERLY RENEWABLE ENERGY BUYERS ALLIANCE), LINKEDIN CORPORATION, OPENAI OPCO, LLC, BUSINESS SOFTWARE ALLIANCE, IVANTI, GPS INNOVATION ALLIANCE, AMERICAN SOCIETY OF COMPOSERS, AUTHORS, AND PUBLISHERS, CHAMBER OF PROGRESS, AARP, SALESFORCE, INC., UNIVERSITY OF CALIFORNIA, PACIFIC GAS AND ELECTRIC COMPANY, PALO ALTO NETWORKS, INC., FOUNDATION FOR INDIVIDUAL RIGHTS AND EXPRESSION (FIRE), VANDERBILT UNIVERSITY, AMERICAN PUBLIC POWER ASSOCIATION, LILT, ORACLE CORPORATION, LENOVO (UNITED STATES) INC., INTERNATIONAL BUSINESS MACHINES CORPORATION (IBM), INFORMATION TECHNOLOGY INDUSTRY COUNCIL, TECHNET, SOFTWARE & INFORMATION INDUSTRY ASSOCIATION, LEAGUE OF WOMEN VOTERS OF THE U.S., BSA THE SOFTWARE ALLIANCE (FORMERLY BSA BUSINESS SOFTWARE ALLIANCE INC), COVESTRO LLC, BIOTECHNOLOGY INNOVATION ORGANIZATION, NATIONAL ASSOCIATION OF BROADCASTERS, CTIA-THE WIRELESS ASSOCIATION, NATIONAL TREASURY EMPLOYEES UNION, THE NONPROFIT ALLIANCE, META PLATFORMS, INC. AND VARIOUS SUBSIDIARIES, DELL TECHNOLOGIES INC, ASSOCIATION OF AMERICAN UNIVERSITIES, CONSUMER TECHNOLOGY ASSOCIATION, AMERICAN INTELLECTUAL PROPERTY LAW ASSOCIATION (AIPLA)",H.R.10262,11/26/2024,"Waters, Maxine",House - Financial Services,California,Democratic Party,35,#007281,"Bill Name: AI Act of 2024
Sponsor: Waters, Maxine
Lobbying Companies: MOTION PICTURE ASSOCIATION INC, BROADCAST MUSIC, INC., AMERICAN MEDICAL ASSOCIATION, NCTA - THE INTERNET & TELEVISION ASSOCIATION, GOOGLE CLIENT SERVICES LLC, UNIVERSITY OF CINCINNATI, EDUCATION REFORM NOW ADVOCACY, AMERICAN COLLEGE OF SURGEONS, HARVARD UNIVERSITY--PRESIDENT AND FELLOWS OF HARVARD COLLEGE, AMPERE COMPUTING EMPLOYER LLC, BOSTON SCIENTIFIC CORPORATION, ASSOCIATION OF AMERICAN MEDICAL COLLEGES, NOVARTIS, TSMC ARIZONA, UNITED STATES BOMB TECHNICIAN ASSOCIATION, DEMOCRACY 21, COPYRIGHT CLEARANCE CENTER, MOTOROLA SOLUTIONS INC, INTERNATIONAL ALLIANCE OF THEATRICAL STAGE EMPLOYEES, AMERICAN HOSPITAL ASSOCIATION, RECORDING INDUSTRY ASSOCIATION OF AMERICA, SOCIETY FOR INDUSTRIAL AND APPLIED MATHEMATICS, SIERRA CLUB, CROWDSTRIKE, INC., LAWYERS' COMMITTEE FOR CIVIL RIGHTS UNDER LAW, AMERICAN FEDERATION OF MUSICIANS, CREDIT UNION NATIONAL ASSOCIATION, INC. DBA AMERICA'S CREDIT UNIONS, SOFTWARE & INFORMATION INDUSTRY ASSOCIATION (SIIA), INTERNATIONAL TRADEMARK ASSOCIATION, ADOBE SYSTEMS INC., MICROSOFT CORPORATION, NEWS MEDIA ALLIANCE, META PLATFORMS, INC., CALIFORNIA HOSPITAL ASSOCIATION, DIRECTORS GUILD OF AMERICA, AMERICAN CIVIL LIBERTIES UNION, FEDERAL MANAGERS ASSOCIATION, WELLSKY, INFORMATION TECHNOLOGY INDUSTRY COUNCIL (ITI), BOSTON UNIVERSITY, AMERICAN DENTAL ASSOCIATION, AMERICAN PSYCHIATRIC ASSOCIATION, NATIONAL ASSOCIATION OF CHILDREN'S HOSPITALS (N.A.C.H.), ELEVANCE HEALTH, INC., NETFLIX, INC., AMERICAN COLLEGE OF SURGEONS PROFESSIONAL ASSOCIATION, NORTHEASTERN UNIVERSITY, LEADERSHIP CONFERENCE ON CIVIL AND HUMAN RIGHTS, AMERICAN ASSOCIATION OF INDEPENDENT MUSIC, AMAZON.COM SERVICES LLC, BROADCAST MUSIC INC, ELECTRONIC FRONTIER FOUNDATION, AMERICAN FED OF GOVERNMENT EMPLOYEES AFL-CIO, NATIONAL RETAIL FEDERATION, AMERICAN FEDERATION OF TEACHERS, STANFORD UNIVERSITY, CHAMBER OF COMMERCE OF THE U.S.A., FEDERATION OF AMERICAN HOSPITALS, GLOBAL PAYMENTS, INC., AIRBNB, INC., THE NORTHWESTERN MUTUAL LIFE INSURANCE COMPANY, PUBLIC CITIZEN, KPMG LLP, GEORGIA INSTITUTE OF TECHNOLOGY, UNIVERSITY OF ILLINOIS, AMERICAN SECURITY FUND, DISNEY WORLDWIDE SERVICES INC, SONOSITE, A SUBSIDIARY OF FUJIFILM (FORMERLY SONOSITE, INC.), RECORDING INDUSTRY ASSOCIATION OF AMERICA INC, KYNDRYL INC, CLEAN ENERGY BUYERS ASSOCIATION (FORMERLY RENEWABLE ENERGY BUYERS ALLIANCE), LINKEDIN CORPORATION, OPENAI OPCO, LLC, BUSINESS SOFTWARE ALLIANCE, IVANTI, GPS INNOVATION ALLIANCE, AMERICAN SOCIETY OF COMPOSERS, AUTHORS, AND PUBLISHERS, CHAMBER OF PROGRESS, AARP, SALESFORCE, INC., UNIVERSITY OF CALIFORNIA, PACIFIC GAS AND ELECTRIC COMPANY, PALO ALTO NETWORKS, INC., FOUNDATION FOR INDIVIDUAL RIGHTS AND EXPRESSION (FIRE), VANDERBILT UNIVERSITY, AMERICAN PUBLIC POWER ASSOCIATION, LILT, ORACLE CORPORATION, LENOVO (UNITED STATES) INC., INTERNATIONAL BUSINESS MACHINES CORPORATION (IBM), INFORMATION TECHNOLOGY INDUSTRY COUNCIL, TECHNET, SOFTWARE & INFORMATION INDUSTRY ASSOCIATION, LEAGUE OF WOMEN VOTERS OF THE U.S., BSA THE SOFTWARE ALLIANCE (FORMERLY BSA BUSINESS SOFTWARE ALLIANCE INC), COVESTRO LLC, BIOTECHNOLOGY INNOVATION ORGANIZATION, NATIONAL ASSOCIATION OF BROADCASTERS, CTIA-THE WIRELESS ASSOCIATION, NATIONAL TREASURY EMPLOYEES UNION, THE NONPROFIT ALLIANCE, META PLATFORMS, INC. AND VARIOUS SUBSIDIARIES, DELL TECHNOLOGIES INC, ASSOCIATION OF AMERICAN UNIVERSITIES, CONSUMER TECHNOLOGY ASSOCIATION, AMERICAN INTELLECTUAL PROPERTY LAW ASSOCIATION (AIPLA)"
Expressing the sense of the House of Representatives with respect to the use of artificial intelligence in the financial services and housing industries.,"AMERICAN PUBLIC TRANSPORTATION ASSOCIATION, NATIONAL TREASURY EMPLOYEES UNION, PARAMOUNT GLOBAL, TREA SENIOR CITIZENS LEAGUE",H.Res.1600,11/26/2024,"McHenry, Patrick T.",House - Financial Services,North Carolina,Republican Party,7,#00AEC5,"Bill Name: Expressing the sense of the House of Representatives with respect to the use of artificial intelligence in the financial services and housing industries.
Sponsor: McHenry, Patrick T.
Lobbying Companies: AMERICAN PUBLIC TRANSPORTATION ASSOCIATION, NATIONAL TREASURY EMPLOYEES UNION, PARAMOUNT GLOBAL, TREA SENIOR CITIZENS LEAGUE"
SCAM Platform Act,"CHAMBER OF COMMERCE OF THE U.S.A, ISSUE ONE",H.R.10212,11/21/2024,"Curtis, John R.",House - Energy and Commerce,Utah,Republican Party,3,#00AEC5,"Bill Name: SCAM Platform Act
Sponsor: Curtis, John R.
Lobbying Companies: CHAMBER OF COMMERCE OF THE U.S.A, ISSUE ONE"
TRAIN Act,,S.5379,11/21/2024,"Welch, Peter",Senate - Judiciary,Vermont,Democratic Party,4,#00AEC5,
AI Fraud Deterrence Act,,H.R.10125,11/14/24,"Lieu, Ted",House - Judiciary,California,Democratic Party,35,#007281,
Ending FCC Meddling in Our Elections Act,,H.R.9913,10/04/24,"Clyde, Andrew S.",House - Energy and Commerce,Georgia,Republican Party,4,#00AEC5,
Next Generation Military Education Act,,H.R.9903,10/01/2024,"Larsen, Rick",House - Armed Services,Washington,Democratic Party,10,#0090A3,
AWARE Act of 2024,,S.5239,09/25/2024,"Welch, Peter",Senate - Armed Services,Vermont,Democratic Party,4,#00AEC5,
MedShield Act of 2024,,S.5222,09/25/2024,"Rounds, Mike","Senate - Health, Education, Labor, and Pensions",South Dakota,Republican Party,10,#0090A3,
Artificial Intelligence Civil Rights Act of 2024,,S.5152,09/24/2024,"Markey, Edward J.","Senate - Commerce, Science, and Transportation",Massachusetts,Democratic Party,8,#00AEC5,
Secure A.I. Act of 2024,"NCTA - THE INTERNET & TELEVISION ASSOCIATION, INTERNATIONAL BUSINESS MACHINES CORPORATION (IBM), SALESFORCE, INC.",H.R.9737,09/20/2024,"Ross, Deborah K.","House - Science, Space, and Technology; Homeland Security; Intelligence (Permanent Select); Education and the Workforce",North Carolina,Democratic Party,7,#00AEC5,"Bill Name: Secure A.I. Act of 2024
Sponsor: Ross, Deborah K.
Lobbying Companies: NCTA - THE INTERNET & TELEVISION ASSOCIATION, INTERNATIONAL BUSINESS MACHINES CORPORATION (IBM), SALESFORCE, INC."
AI Incident Reporting and Security Enhancement Act,"INTERNATIONAL BUSINESS MACHINES CORPORATION (IBM), BSA THE SOFTWARE ALLIANCE (FORMERLY BSA BUSINESS SOFTWARE ALLIANCE INC), BLACKBERRY CORP., CREDIT UNION NATIONAL ASSOCIATION, INC. DBA AMERICA'S CREDIT UNIONS, CHAMBER OF COMMERCE OF THE U.S.A., BUSINESS SOFTWARE ALLIANCE",H.R.9720,09/20/2024,"Ross, Deborah K.","House - Science, Space, and Technology",North Carolina,Democratic Party,7,#00AEC5,"Bill Name: AI Incident Reporting and Security Enhancement Act
Sponsor: Ross, Deborah K.
Lobbying Companies: INTERNATIONAL BUSINESS MACHINES CORPORATION (IBM), BSA THE SOFTWARE ALLIANCE (FORMERLY BSA BUSINESS SOFTWARE ALLIANCE INC), BLACKBERRY CORP., CREDIT UNION NATIONAL ASSOCIATION, INC. DBA AMERICA'S CREDIT UNIONS, CHAMBER OF COMMERCE OF THE U.S.A., BUSINESS SOFTWARE ALLIANCE"
Consumers LEARN AI Act,AARP,H.R.9673,09/19/2024,"Blunt Rochester, Lisa",House - Energy and Commerce,Unknown State,Unknown Party,2,#00CCE7,"Bill Name: Consumers LEARN AI Act
Sponsor: Blunt Rochester, Lisa
Lobbying Companies: AARP"
Modernizing Data Practices to Improve Government Act,"AMERICA'S HEALTH INSURANCE PLANS INC (AHIP), COMMUNITY BANKERS ASSOCIATION OF ILLINOIS, AMERICAN FED OF GOVERNMENT EMPLOYEES AFL-CIO, SMALL BUSINESS & ENTREPRENEURSHIP COUNCIL (SBE COUNCIL), NATIONAL TREASURY EMPLOYEES UNION, NATIONAL ASSOCIATION OF FEDERALLY-INSURED CREDIT UNIONS, NCTA - THE INTERNET & TELEVISION ASSOCIATION, MARSHFIELD CLINIC HEALTH SYSTEM",S.5109,09/19/2024,"Peters, Gary C.",Senate - Homeland Security and Governmental Affairs,Michigan,Democratic Party,15,#0090A3,"Bill Name: Modernizing Data Practices to Improve Government Act
Sponsor: Peters, Gary C.
Lobbying Companies: AMERICA'S HEALTH INSURANCE PLANS INC (AHIP), COMMUNITY BANKERS ASSOCIATION OF ILLINOIS, AMERICAN FED OF GOVERNMENT EMPLOYEES AFL-CIO, SMALL BUSINESS & ENTREPRENEURSHIP COUNCIL (SBE COUNCIL), NATIONAL TREASURY EMPLOYEES UNION, NATIONAL ASSOCIATION OF FEDERALLY-INSURED CREDIT UNIONS, NCTA - THE INTERNET & TELEVISION ASSOCIATION, MARSHFIELD CLINIC HEALTH SYSTEM"
Department of Energy Artificial Intelligence Act of 2024,"BATTELLE MEMORIAL INSTITUTE, INTERNATIONAL BUSINESS MACHINES CORPORATION (IBM), SOCIETY FOR INDUSTRIAL AND APPLIED MATHEMATICS, AMPERE COMPUTING EMPLOYER LLC, UNIVERSITY OF MICHIGAN, UNIVERSITY OF CALIFORNIA, AMERICAN PUBLIC POWER ASSOCIATION, ARM INC, THE UNIVERSITY OF FLORIDA BOARD OF TRUSTEES, AMERICAN FED OF GOVERNMENT EMPLOYEES AFL-CIO, NATIONAL GRID USA, UNIVERSITY OF ROCHESTER, LOCKHEED MARTIN CORPORATION, AMERICAN CIVIL LIBERTIES UNION, CHAMBER OF COMMERCE OF THE U.S.A., AMERICAN BAR ASSOCIATION, PACIFIC GAS AND ELECTRIC COMPANY",H.R.9671,09/18/2024,"Williams, Brandon","House - Science, Space, and Technology",New York,Republican Party,13,#0090A3,"Bill Name: Department of Energy Artificial Intelligence Act of 2024
Sponsor: Williams, Brandon
Lobbying Companies: BATTELLE MEMORIAL INSTITUTE, INTERNATIONAL BUSINESS MACHINES CORPORATION (IBM), SOCIETY FOR INDUSTRIAL AND APPLIED MATHEMATICS, AMPERE COMPUTING EMPLOYER LLC, UNIVERSITY OF MICHIGAN, UNIVERSITY OF CALIFORNIA, AMERICAN PUBLIC POWER ASSOCIATION, ARM INC, THE UNIVERSITY OF FLORIDA BOARD OF TRUSTEES, AMERICAN FED OF GOVERNMENT EMPLOYEES AFL-CIO, NATIONAL GRID USA, UNIVERSITY OF ROCHESTER, LOCKHEED MARTIN CORPORATION, AMERICAN CIVIL LIBERTIES UNION, CHAMBER OF COMMERCE OF THE U.S.A., AMERICAN BAR ASSOCIATION, PACIFIC GAS AND ELECTRIC COMPANY"
AI Ads Act,"INTERNATIONAL BUSINESS MACHINES CORPORATION (IBM), META PLATFORMS, INC. AND VARIOUS SUBSIDIARIES, COMMON CAUSE, CHAMBER OF COMMERCE OF THE U.S.A., CAMPAIGN LEGAL CENTER, INC., NATIONAL ASSOCIATION OF BROADCASTERS, META PLATFORMS INC (FKA FACEBOOK), ASSOCIATION OF NATIONAL ADVERTISERS, ISSUE ONE",H.R.9639,09/17/2024,"Schiff, Adam B.",House - House Administration,California,Democratic Party,35,#007281,"Bill Name: AI Ads Act
Sponsor: Schiff, Adam B.
Lobbying Companies: INTERNATIONAL BUSINESS MACHINES CORPORATION (IBM), META PLATFORMS, INC. AND VARIOUS SUBSIDIARIES, COMMON CAUSE, CHAMBER OF COMMERCE OF THE U.S.A., CAMPAIGN LEGAL CENTER, INC., NATIONAL ASSOCIATION OF BROADCASTERS, META PLATFORMS INC (FKA FACEBOOK), ASSOCIATION OF NATIONAL ADVERTISERS, ISSUE ONE"
AIxBio Defense Sandbox Act,,H.R.9626,09/17/2024,"Khanna, Ro",House - Armed Services,California,Democratic Party,35,#007281,
Workforce of the Future Act of 2024,,H.R.9607,09/16/2024,"Lee, Barbara","House - Education and the Workforce; Science, Space, and Technology",California,Democratic Party,35,#007281,
AI ACCORD Act of 2024,,S.5058,09/16/24,"Ernst, Joni",Senate - Armed Services,Iowa,Republican Party,3,#00AEC5,
Workforce of the Future Act of 2024,,S.5031,09/12/24,"Butler, Laphonza R.","Senate - Health, Education, Labor, and Pensions",California,Democratic Party,35,#007281,
TAME Extreme Weather Act,,H.R.9498,09/09/24,"Franklin, C. Scott","House - Science, Space, and Technology",Florida,Republican Party,16,#0090A3,
AI Advancement and Reliability Act of 2024,,H.R.9497,09/09/24,"Obernolte, Jay","House - Science, Space, and Technology",California,Republican Party,35,#007281,
AI Grand Challenges Act of 2024,,H.R.9475,09/06/24,"Lieu, Ted","House - Science, Space, and Technology",California,Democratic Party,35,#007281,
AI Development Practices Act of 2024,,H.R.9466,09/06/24,"Baird, James R.","House - Science, Space, and Technology",Indiana,Republican Party,3,#00AEC5,
PATHS Act,,H.R.9459,09/06/2024,"Guest, Michael",House - Homeland Security,Mississippi,Republican Party,1,#00CCE7,
Expanding AI Voices Act,,H.R.9403,08/23/2024,"Foushee, Valerie P.","House - Science, Space, and Technology",North Carolina,Democratic Party,7,#00AEC5,
NSF AI Education Act of 2024,,H.R.9402,08/23/24,"Fong, Vince","House - Science, Space, and Technology",California,Republican Party,35,#007281,
Unleashing AI Innovation in Financial Services Act,,H.R.9309,08/06/24,"Hill, J. French",House - Financial Services,Arkansas,Republican Party,1,#00CCE7,
Artificial Intelligence Acquisitions Act of 2024,,S.4976,08/01/24,"Rubio, Marco","Senate - Commerce, Science, and Transportation",Florida,Republican Party,16,#0090A3,
Unleashing AI Innovation in Financial Services Act,,S.4951,08/01/2024,"Rounds, Mike","Senate - Banking, Housing, and Urban Affairs",South Dakota,Republican Party,10,#0090A3,
AI Innovation and Development for Efficiency Act of 2024,"AMERICAN PUBLIC POWER ASSOCIATION, PACIFIC GAS AND ELECTRIC COMPANY",S.4896,07/31/2024,"Welch, Peter","Senate - Commerce, Science, and Transportation",Vermont,Democratic Party,4,#00AEC5,"Bill Name: AI Innovation and Development for Efficiency Act of 2024
Sponsor: Welch, Peter
Lobbying Companies: AMERICAN PUBLIC POWER ASSOCIATION, PACIFIC GAS AND ELECTRIC COMPANY"
Workforce for AI Trust Act,"INTERNATIONAL BUSINESS MACHINES CORPORATION (IBM), INFORMATION TECHNOLOGY INDUSTRY COUNCIL, TECHNET, SOFTWARE & INFORMATION INDUSTRY ASSOCIATION (SIIA), NATIONAL TREASURY EMPLOYEES UNION, SOCIETY FOR INDUSTRIAL AND ORGANIZATIONAL PSYCHOLOGY, HUMAN FACTORS AND ERGONOMICS SOCIETY, CHAMBER OF COMMERCE OF THE U.S.A., GOOGLE CLIENT SERVICES LLC, BOOZ ALLEN HAMILTON INC.",H.R.9215,07/30/2024,"Lofgren, Zoe","House - Science, Space, and Technology",California,Democratic Party,35,#007281,"Bill Name: Workforce for AI Trust Act
Sponsor: Lofgren, Zoe
Lobbying Companies: INTERNATIONAL BUSINESS MACHINES CORPORATION (IBM), INFORMATION TECHNOLOGY INDUSTRY COUNCIL, TECHNET, SOFTWARE & INFORMATION INDUSTRY ASSOCIATION (SIIA), NATIONAL TREASURY EMPLOYEES UNION, SOCIETY FOR INDUSTRIAL AND ORGANIZATIONAL PSYCHOLOGY, HUMAN FACTORS AND ERGONOMICS SOCIETY, CHAMBER OF COMMERCE OF THE U.S.A., GOOGLE CLIENT SERVICES LLC, BOOZ ALLEN HAMILTON INC."
LIFT AI Act,"INFORMATION TECHNOLOGY INDUSTRY COUNCIL, INTERNATIONAL BUSINESS MACHINES CORPORATION (IBM), TECHNET, SOFTWARE & INFORMATION INDUSTRY ASSOCIATION (SIIA), EDUCATION REFORM NOW ADVOCACY, GENERAL ELECTRIC COMPANY (INCLUDING SUBSIDIARIES), AMERICAN FEDERATION OF TEACHERS, CHAMBER OF COMMERCE OF THE U.S.A., GOOGLE CLIENT SERVICES LLC",H.R.9211,07/30/2024,"Kean, Thomas H.","House - Science, Space, and Technology",New Jersey,Republican Party,6,#00AEC5,"Bill Name: LIFT AI Act
Sponsor: Kean, Thomas H.
Lobbying Companies: INFORMATION TECHNOLOGY INDUSTRY COUNCIL, INTERNATIONAL BUSINESS MACHINES CORPORATION (IBM), TECHNET, SOFTWARE & INFORMATION INDUSTRY ASSOCIATION (SIIA), EDUCATION REFORM NOW ADVOCACY, GENERAL ELECTRIC COMPANY (INCLUDING SUBSIDIARIES), AMERICAN FEDERATION OF TEACHERS, CHAMBER OF COMMERCE OF THE U.S.A., GOOGLE CLIENT SERVICES LLC"
Small Business Artificial Intelligence Advancement Act,"TECHNET, SOFTWARE & INFORMATION INDUSTRY ASSOCIATION (SIIA), LEAGUE OF WOMEN VOTERS OF THE U.S., CAMPAIGN LEGAL CENTER, INC., CHAMBER OF COMMERCE OF THE U.S.A., DELL TECHNOLOGIES, INC., NCTA - THE INTERNET & TELEVISION ASSOCIATION, GOOGLE CLIENT SERVICES LLC",H.R.9197,07/30/2024,"Collins, Mike","House - Science, Space, and Technology",Georgia,Republican Party,4,#00AEC5,"Bill Name: Small Business Artificial Intelligence Advancement Act
Sponsor: Collins, Mike
Lobbying Companies: TECHNET, SOFTWARE & INFORMATION INDUSTRY ASSOCIATION (SIIA), LEAGUE OF WOMEN VOTERS OF THE U.S., CAMPAIGN LEGAL CENTER, INC., CHAMBER OF COMMERCE OF THE U.S.A., DELL TECHNOLOGIES, INC., NCTA - THE INTERNET & TELEVISION ASSOCIATION, GOOGLE CLIENT SERVICES LLC"
A bill to require reports on artificial intelligence regulation in the financial services industry.,NATIONAL ASSOCIATION OF MUTUAL INSURANCE COMPANIES,S.4870,07/30/2024,"Rounds, Mike","Senate - Banking, Housing, and Urban Affairs",South Dakota,Republican Party,10,#0090A3,"Bill Name: A bill to require reports on artificial intelligence regulation in the financial services industry.
Sponsor: Rounds, Mike
Lobbying Companies: NATIONAL ASSOCIATION OF MUTUAL INSURANCE COMPANIES"
"A bill to ensure that new advances in artificial intelligence are ethically adopted to improve the health of all individuals, and for other purposes.","ATHENAHEALTH, INC.",S.4862,07/30/2024,"Rounds, Mike","Senate - Health, Education, Labor, and Pensions",South Dakota,Republican Party,10,#0090A3,"Bill Name: A bill to ensure that new advances in artificial intelligence are ethically adopted to improve the health of all individuals, and for other purposes.
Sponsor: Rounds, Mike
Lobbying Companies: ATHENAHEALTH, INC."
Ending FCC Meddling in Our Elections Act,,S.4853,07/30/2024,"Lee, Mike",Latest Action: Senate - 07/31/2024 Read the second time. Placed on Senate Legislative Calendar under General Orders. Calendar No. 449. (All Actions),Utah,Republican Party,3,#00AEC5,
Consumers LEARN AI Act,AARP,S.4838,07/30/2024,"Kelly, Mark","Senate - Commerce, Science, and Transportation",Arizona,Democratic Party,7,#00AEC5,"Bill Name: Consumers LEARN AI Act
Sponsor: Kelly, Mark
Lobbying Companies: AARP"
VET Artificial Intelligence Act,"CHAMBER OF PROGRESS, PWC US GROUP LLP (FKA PRICEWATERHOUSECOOPERS), CTIA-THE WIRELESS ASSOCIATION, ERNST & YOUNG LLP (WASHINGTON COUNCIL ERNST & YOUNG), LINKEDIN CORPORATION, AMERICAN LEGION, CHAMBER OF COMMERCE OF THE U.S.A., INSTITUTE OF INTERNAL AUDITORS, GOOGLE CLIENT SERVICES LLC, BOOZ ALLEN HAMILTON INC.",S.4769,07/24/2024,"Hickenlooper, John W.","Senate - Commerce, Science, and Transportation",Colorado,Democratic Party,4,#00AEC5,"Bill Name: VET Artificial Intelligence Act
Sponsor: Hickenlooper, John W.
Lobbying Companies: CHAMBER OF PROGRESS, PWC US GROUP LLP (FKA PRICEWATERHOUSECOOPERS), CTIA-THE WIRELESS ASSOCIATION, ERNST & YOUNG LLP (WASHINGTON COUNCIL ERNST & YOUNG), LINKEDIN CORPORATION, AMERICAN LEGION, CHAMBER OF COMMERCE OF THE U.S.A., INSTITUTE OF INTERNAL AUDITORS, GOOGLE CLIENT SERVICES LLC, BOOZ ALLEN HAMILTON INC."
"A bill to require the Secretary of Defense to carry out a pilot program on using artificial intelligence-enabled software to optimize the workflow and operations of depots, shipyards, and other manufacturing facilities run by the Department of Defense, and for other purposes.",,S.4758,07/24/2024,"Rounds, Mike",Senate - Armed Services,South Dakota,Republican Party,10,#0090A3,
"To provide for citizen engagement on the development and adoption of Federal civilian agency use of artificial intelligence, and for other purposes.",,H.R.9044,07/15/2024,"Jackson Lee, Sheila",House - Oversight and Accountability; Homeland Security,Texas,Democratic Party,13,#0090A3,
"To provide for Federal civilian agency laboratory development for testing and certification of artificial intelligence for civilian agency use, and for other purposes.",,H.R.9043,07/15/2024,"Jackson Lee, Sheila",House - Homeland Security; Oversight and Accountability,Texas,Democratic Party,13,#0090A3,
Civilian Agency AI Watermark Act,,H.R.9042,07/15/24,"Jackson Lee, Sheila",House - Homeland Security,Texas,Democratic Party,13,#0090A3,
Fraudulent Artificial Intelligence Regulations (FAIR) Elections Act of 2024,,S.4714,07/11/24,"Merkley, Jeff",Senate - Rules and Administration,Oregon,Democratic Party,2,#00CCE7,
Department of Energy AI Act,,S.4664,07/10/24,"Manchin, Joe, III",Senate - Energy and Natural Resources,West Virginia,Unknown Party,3,#00AEC5,
"To amend the Communications Act of 1934 to establish technical and procedural standards for artificial or prerecorded voice systems created through generative artificial intelligence, and for other purposes.",,H.R.8939,07/08/2024,"Allen, Rick W.",House - Energy and Commerce,Georgia,Republican Party,4,#00AEC5,
Securing Elections From AI Deception Act,,H.R.8858,06/27/2024,"Brown, Shontel M.",House - Energy and Commerce,Ohio,Democratic Party,6,#00AEC5,
Maintaining Innovation and Safe Technologies Act,,H.R.8832,06/25/2024,"Schweikert, David",House - Energy and Commerce; Ways and Means,Arizona,Republican Party,7,#00AEC5,
SMART in Schools Act,,S.4614,06/20/2024,"Markey, Edward J.","Senate - Health, Education, Labor, and Pensions",Massachusetts,Democratic Party,8,#00AEC5,
Artificial Intelligence Public Awareness and Education Campaign Act,,S.4596,06/20/2024,"Young, Todd","Senate - Commerce, Science, and Transportation",Indiana,Republican Party,3,#00AEC5,
AI LEAD Act,,H.R.8756,06/14/24,"Connolly, Gerald E.","House - Oversight and Accountability; Science, Space, and Technology",Virginia,Democratic Party,6,#00AEC5,
International Artificial Intelligence Research Partnership Act of 2024,,H.R.8700,06/11/24,"Torres, Norma J.",House - Foreign Affairs,California,Democratic Party,35,#007281,
PREPARED for AI Act,"PALO ALTO NETWORKS, INC., INFORMATION TECHNOLOGY INDUSTRY COUNCIL, INTERNATIONAL BUSINESS MACHINES CORPORATION (IBM), AMAZON.COM SERVICES LLC, INFORMATION TECHNOLOGY INDUSTRY COUNCIL (ITI), BSA THE SOFTWARE ALLIANCE (FORMERLY BSA BUSINESS SOFTWARE ALLIANCE INC), CENTER FOR PROCUREMENT ADVOCACY, SAP AMERICA, INC., MEDTRONIC INC, MOTOROLA SOLUTIONS INC, RED HAT INC, FEDERAL MANAGERS ASSOCIATION, CHAMBER OF COMMERCE OF THE U.S.A., DELL TECHNOLOGIES, INC., BUSINESS SOFTWARE ALLIANCE",S.4495,06/11/24,"Peters, Gary C.",Senate - Homeland Security and Governmental Affairs,Michigan,Democratic Party,15,#0090A3,"Bill Name: PREPARED for AI Act
Sponsor: Peters, Gary C.
Lobbying Companies: PALO ALTO NETWORKS, INC., INFORMATION TECHNOLOGY INDUSTRY COUNCIL, INTERNATIONAL BUSINESS MACHINES CORPORATION (IBM), AMAZON.COM SERVICES LLC, INFORMATION TECHNOLOGY INDUSTRY COUNCIL (ITI), BSA THE SOFTWARE ALLIANCE (FORMERLY BSA BUSINESS SOFTWARE ALLIANCE INC), CENTER FOR PROCUREMENT ADVOCACY, SAP AMERICA, INC., MEDTRONIC INC, MOTOROLA SOLUTIONS INC, RED HAT INC, FEDERAL MANAGERS ASSOCIATION, CHAMBER OF COMMERCE OF THE U.S.A., DELL TECHNOLOGIES, INC., BUSINESS SOFTWARE ALLIANCE"
Small Business Artificial Intelligence Training Act of 2024,"AMERICA'S HEALTH INSURANCE PLANS INC (AHIP), CTIA-THE WIRELESS ASSOCIATION, LINKEDIN CORPORATION, CHAMBER OF COMMERCE OF THE U.S.A., GOOGLE CLIENT SERVICES LLC",S.4487,06/11/24,"Cantwell, Maria","Senate - Commerce, Science, and Transportation",Washington,Democratic Party,10,#0090A3,"Bill Name: Small Business Artificial Intelligence Training Act of 2024
Sponsor: Cantwell, Maria
Lobbying Companies: AMERICA'S HEALTH INSURANCE PLANS INC (AHIP), CTIA-THE WIRELESS ASSOCIATION, LINKEDIN CORPORATION, CHAMBER OF COMMERCE OF THE U.S.A., GOOGLE CLIENT SERVICES LLC"
AI Transparency in Elections Act of 2024,"LAWYERS' COMMITTEE FOR CIVIL RIGHTS UNDER LAW, FOUNDATION FOR INDIVIDUAL RIGHTS AND EXPRESSION (FIRE), DEMOCRACY 21, PUBLIC CITIZEN, AMERICAN FEDERATION OF TEACHERS, AMERICAN CIVIL LIBERTIES UNION, AMERICAN SECURITY FUND, META PLATFORMS, INC. AND VARIOUS SUBSIDIARIES, CHAMBER OF COMMERCE OF THE U.S.A., NATIONAL ASSOCIATION OF BROADCASTERS, GOOGLE CLIENT SERVICES LLC, LEADERSHIP CONFERENCE ON CIVIL AND HUMAN RIGHTS",H.R.8668,06/07/24,"Morelle, Joseph D.",House - House Administration,New York,Democratic Party,13,#0090A3,"Bill Name: AI Transparency in Elections Act of 2024
Sponsor: Morelle, Joseph D.
Lobbying Companies: LAWYERS' COMMITTEE FOR CIVIL RIGHTS UNDER LAW, FOUNDATION FOR INDIVIDUAL RIGHTS AND EXPRESSION (FIRE), DEMOCRACY 21, PUBLIC CITIZEN, AMERICAN FEDERATION OF TEACHERS, AMERICAN CIVIL LIBERTIES UNION, AMERICAN SECURITY FUND, META PLATFORMS, INC. AND VARIOUS SUBSIDIARIES, CHAMBER OF COMMERCE OF THE U.S.A., NATIONAL ASSOCIATION OF BROADCASTERS, GOOGLE CLIENT SERVICES LLC, LEADERSHIP CONFERENCE ON CIVIL AND HUMAN RIGHTS"
DETECT Fentanyl and Xylazine Act of 2024,"NATIONAL TREASURY EMPLOYEES UNION, SERGEANTS BENEVOLENT ASSOCIATION OF NEW YORK CITY",H.R.8663,06/07/2024,"LaLota, Nick",House - Homeland Security | Senate - Homeland Security and Governmental Affairs,New York,Republican Party,13,#0090A3,"Bill Name: DETECT Fentanyl and Xylazine Act of 2024
Sponsor: LaLota, Nick
Lobbying Companies: NATIONAL TREASURY EMPLOYEES UNION, SERGEANTS BENEVOLENT ASSOCIATION OF NEW YORK CITY"
DETECT Fentanyl and Xylazine Act of 2024,"NATIONAL TREASURY EMPLOYEES UNION, SERGEANTS BENEVOLENT ASSOCIATION OF NEW YORK CITY",S.4419,05/23/2024,"Cornyn, John",Senate - Homeland Security and Governmental Affairs,Texas,Republican Party,13,#0090A3,"Bill Name: DETECT Fentanyl and Xylazine Act of 2024
Sponsor: Cornyn, John
Lobbying Companies: NATIONAL TREASURY EMPLOYEES UNION, SERGEANTS BENEVOLENT ASSOCIATION OF NEW YORK CITY"
NSF AI Education Act of 2024,,S.4394,05/22/24,"Cantwell, Maria","Senate - Commerce, Science, and Transportation",Washington,Democratic Party,10,#0090A3,
Preparing Election Administrators for AI Act,,H.R.8353,05/10/24,"Houlahan, Chrissy",House - House Administration,Pennsylvania,Democratic Party,4,#00AEC5,
CISA Securing AI Task Force Act,CHAMBER OF COMMERCE OF THE U.S.A.,H.R.8348,05/10/24,"Carter, Troy A.",House - Homeland Security,Louisiana,Democratic Party,4,#00AEC5,"Bill Name: CISA Securing AI Task Force Act
Sponsor: Carter, Troy A.
Lobbying Companies: CHAMBER OF COMMERCE OF THE U.S.A."
Five AIs Act 2024,,S.4306,05/09/24,"Rosen, Jacky",Senate - Foreign Relations,Nevada,Democratic Party,1,#00CCE7,
ENFORCE Act,"NOVARTIS, ANTI-DEFAMATION LEAGUE, NORFOLK SOUTHERN CORPORATION, AMERICAN COUNCIL OF LIFE INSURERS, GUIDANT CORPORATION, AMERICAN FED OF GOVERNMENT EMPLOYEES AFL-CIO, VIOLENCE POLICY CENTER, CITY OF PASADENA, TAHIRIH JUSTICE CENTER, ADVANCED MEDICAL TECHNOLOGY ASSN, TRADITIONAL VALUES COALITION, HR POLICY ASSOCIATION, COX ENTERPRISES INC. (FKA COX ENTERPRISES, INC. & VARIOUS SUBS & AFFS), STATE FARM MUTUAL AUTOMOBILE INSURANCE COMPANY, US BORDER CONTROL, NATIONAL ASSOCIATION OF BROADCASTERS, CBS CORPORATION, NATIONAL IMMIGRATION FORUM",H.R.8315,05/08/24,"McCaul, Michael T.",House - Foreign Affairs,Texas,Republican Party,13,#0090A3,"Bill Name: ENFORCE Act
Sponsor: McCaul, Michael T.
Lobbying Companies: NOVARTIS, ANTI-DEFAMATION LEAGUE, NORFOLK SOUTHERN CORPORATION, AMERICAN COUNCIL OF LIFE INSURERS, GUIDANT CORPORATION, AMERICAN FED OF GOVERNMENT EMPLOYEES AFL-CIO, VIOLENCE POLICY CENTER, CITY OF PASADENA, TAHIRIH JUSTICE CENTER, ADVANCED MEDICAL TECHNOLOGY ASSN, TRADITIONAL VALUES COALITION, HR POLICY ASSOCIATION, COX ENTERPRISES INC. (FKA COX ENTERPRISES, INC. & VARIOUS SUBS & AFFS), STATE FARM MUTUAL AUTOMOBILE INSURANCE COMPANY, US BORDER CONTROL, NATIONAL ASSOCIATION OF BROADCASTERS, CBS CORPORATION, NATIONAL IMMIGRATION FORUM"
Clean CLAIMS Act,,H.R.8283,05/07/24,"Schweikert, David",House - Energy and Commerce; Ways and Means,Arizona,Republican Party,7,#00AEC5,
AI Grand Challenges Act of 2024,,S.4236,05/01/24,"Booker, Cory A.","Senate - Commerce, Science, and Transportation",New Jersey,Democratic Party,6,#00AEC5,
Secure A.I. Act of 2024,"NCTA - THE INTERNET & TELEVISION ASSOCIATION, INTERNATIONAL BUSINESS MACHINES CORPORATION (IBM), SALESFORCE, INC.",S.4230,05/01/2024,"Warner, Mark R.","Senate - Commerce, Science, and Transportation",Virginia,Democratic Party,6,#00AEC5,"Bill Name: Secure A.I. Act of 2024
Sponsor: Warner, Mark R.
Lobbying Companies: NCTA - THE INTERNET & TELEVISION ASSOCIATION, INTERNATIONAL BUSINESS MACHINES CORPORATION (IBM), SALESFORCE, INC."
Future of Artificial Intelligence Innovation Act of 2024,"PALO ALTO NETWORKS, INC., AMERICAN PUBLIC POWER ASSOCIATION, BSA, THE SOFTWARE ALLIANCE, PHARMACEUTICAL RESEARCH AND MANUFACTURERS OF AMERICA, ADOBE SYSTEMS INC., GSK (FKA GLAXOSMITHKLINE INC.), GOOGLE CLIENT SERVICES LLC, INTERNATIONAL BUSINESS MACHINES CORPORATION (IBM), SENTRY INSURANCE COMPANY (FORMERLY SENTRY INSURANCE A MUTUAL COMPANY), INFORMATION TECHNOLOGY INDUSTRY COUNCIL (ITI), MOTOROLA SOLUTIONS INC, LINKEDIN CORPORATION, SOCIETY FOR INDUSTRIAL AND APPLIED MATHEMATICS, AMAZON.COM SERVICES LLC, THE UNIVERSITY OF FLORIDA BOARD OF TRUSTEES, CTIA-THE WIRELESS ASSOCIATION, HITACHI, LTD, META PLATFORMS, INC. AND VARIOUS SUBSIDIARIES, CHAMBER OF COMMERCE OF THE U.S.A., CONSUMER TECHNOLOGY ASSOCIATION, FDD ACTION, XCEL ENERGY INC, SALESFORCE, INC., PACIFIC GAS AND ELECTRIC COMPANY",S.4178,04/18/2024,"Cantwell, Maria","Senate - Commerce, Science, and Transportation",Washington,Democratic Party,10,#0090A3,"Bill Name: Future of Artificial Intelligence Innovation Act of 2024
Sponsor: Cantwell, Maria
Lobbying Companies: PALO ALTO NETWORKS, INC., AMERICAN PUBLIC POWER ASSOCIATION, BSA, THE SOFTWARE ALLIANCE, PHARMACEUTICAL RESEARCH AND MANUFACTURERS OF AMERICA, ADOBE SYSTEMS INC., GSK (FKA GLAXOSMITHKLINE INC.), GOOGLE CLIENT SERVICES LLC, INTERNATIONAL BUSINESS MACHINES CORPORATION (IBM), SENTRY INSURANCE COMPANY (FORMERLY SENTRY INSURANCE A MUTUAL COMPANY), INFORMATION TECHNOLOGY INDUSTRY COUNCIL (ITI), MOTOROLA SOLUTIONS INC, LINKEDIN CORPORATION, SOCIETY FOR INDUSTRIAL AND APPLIED MATHEMATICS, AMAZON.COM SERVICES LLC, THE UNIVERSITY OF FLORIDA BOARD OF TRUSTEES, CTIA-THE WIRELESS ASSOCIATION, HITACHI, LTD, META PLATFORMS, INC. AND VARIOUS SUBSIDIARIES, CHAMBER OF COMMERCE OF THE U.S.A., CONSUMER TECHNOLOGY ASSOCIATION, FDD ACTION, XCEL ENERGY INC, SALESFORCE, INC., PACIFIC GAS AND ELECTRIC COMPANY"
Child Exploitation and Artificial Intelligence Expert Commission Act of 2024,HERITAGE ACTION FOR AMERICA,H.R.8005,04/15/2024,"Langworthy, Nicholas A.",House - Judiciary,New York,Republican Party,13,#0090A3,"Bill Name: Child Exploitation and Artificial Intelligence Expert Commission Act of 2024
Sponsor: Langworthy, Nicholas A.
Lobbying Companies: HERITAGE ACTION FOR AMERICA"
Emerging Innovative Border Technologies Act,,H.R.7832,03/29/2024,"Correa, J. Luis",House - Homeland Security | Senate - Homeland Security and Governmental Affairs,California,Democratic Party,35,#007281,
AI PLAN Act,"PRINCETON UNIVERSITY, VANDERBILT UNIVERSITY, VERIZON COMMUNICATIONS INC AND VARIOUS SUBSIDIARIES, AMERICAN PUBLIC POWER ASSOCIATION, VERIZON COMMUNICATIONS INC AND ITS SUBSIDIARIES, GENERAL ELECTRIC COMPANY (INCLUDING SUBSIDIARIES), THE INSTITUTE OF ELECTRICAL AND ELECTRONICS ENGINEERS, CAMPAIGN LEGAL CENTER, INC., NCTA - THE INTERNET & TELEVISION ASSOCIATION, STATE FARM MUTUAL AUTOMOBILE INSURANCE COMPANY, BLUE CROSS BLUE SHIELD OF MICHIGAN, INTERNATIONAL BUSINESS MACHINES CORPORATION (IBM), PREMIER, INC., BLUE CROSS AND BLUE SHIELD ASSOCIATION, PUBLIC CITIZEN, AMERICAN CIVIL LIBERTIES UNION, BOSTON SCIENTIFIC CORPORATION, BSA THE SOFTWARE ALLIANCE (FORMERLY BSA BUSINESS SOFTWARE ALLIANCE INC), BLUE CROSS AND BLUE SHIELD OF KANSAS INC, CARNEGIE MELLON UNIVERSITY, BIOTECHNOLOGY INNOVATION ORGANIZATION, HEALTH CARE SERVICE CORPORATION, A MUTUAL LEGAL RESERVE COMPANY (HCSC), AMERICAN HOSPITAL ASSOCIATION, BUSINESS SOFTWARE ALLIANCE, OREGON FARM BUREAU FEDERATION, NATIONAL CORN GROWERS ASSN, CTIA-THE WIRELESS ASSOCIATION, NATIONAL TREASURY EMPLOYEES UNION, AMERICAN LEGION, CHAMBER OF COMMERCE OF THE U.S.A., CREDIT UNION NATIONAL ASSOCIATION, INC. DBA AMERICA'S CREDIT UNIONS, NATIONAL ASSOCIATION OF FEDERALLY-INSURED CREDIT UNIONS",H.R.7781,03/21/2024,"Nunn, Zachary",House - Financial Services,Iowa,Republican Party,3,#00AEC5,"Bill Name: AI PLAN Act
Sponsor: Nunn, Zachary
Lobbying Companies: PRINCETON UNIVERSITY, VANDERBILT UNIVERSITY, VERIZON COMMUNICATIONS INC AND VARIOUS SUBSIDIARIES, AMERICAN PUBLIC POWER ASSOCIATION, VERIZON COMMUNICATIONS INC AND ITS SUBSIDIARIES, GENERAL ELECTRIC COMPANY (INCLUDING SUBSIDIARIES), THE INSTITUTE OF ELECTRICAL AND ELECTRONICS ENGINEERS, CAMPAIGN LEGAL CENTER, INC., NCTA - THE INTERNET & TELEVISION ASSOCIATION, STATE FARM MUTUAL AUTOMOBILE INSURANCE COMPANY, BLUE CROSS BLUE SHIELD OF MICHIGAN, INTERNATIONAL BUSINESS MACHINES CORPORATION (IBM), PREMIER, INC., BLUE CROSS AND BLUE SHIELD ASSOCIATION, PUBLIC CITIZEN, AMERICAN CIVIL LIBERTIES UNION, BOSTON SCIENTIFIC CORPORATION, BSA THE SOFTWARE ALLIANCE (FORMERLY BSA BUSINESS SOFTWARE ALLIANCE INC), BLUE CROSS AND BLUE SHIELD OF KANSAS INC, CARNEGIE MELLON UNIVERSITY, BIOTECHNOLOGY INNOVATION ORGANIZATION, HEALTH CARE SERVICE CORPORATION, A MUTUAL LEGAL RESERVE COMPANY (HCSC), AMERICAN HOSPITAL ASSOCIATION, BUSINESS SOFTWARE ALLIANCE, OREGON FARM BUREAU FEDERATION, NATIONAL CORN GROWERS ASSN, CTIA-THE WIRELESS ASSOCIATION, NATIONAL TREASURY EMPLOYEES UNION, AMERICAN LEGION, CHAMBER OF COMMERCE OF THE U.S.A., CREDIT UNION NATIONAL ASSOCIATION, INC. DBA AMERICA'S CREDIT UNIONS, NATIONAL ASSOCIATION OF FEDERALLY-INSURED CREDIT UNIONS"
Protecting Consumers from Deceptive AI Act,,H.R.7766,03/21/2024,"Eshoo, Anna G.","House - Energy and Commerce; Science, Space, and Technology",California,Democratic Party,35,#007281,
AI CONSENT Act,,S.3975,03/19/2024,"Welch, Peter","Senate - Commerce, Science, and Transportation",Vermont,Democratic Party,4,#00AEC5,
No AI Audits Act,,H.R.7694,03/15/24,"Higgins, Clay",House - Ways and Means,Louisiana,Republican Party,4,#00AEC5,
Preparing Election Administrators for AI Act,,S.3897,03/11/24,"Klobuchar, Amy",Senate - Rules and Administration,Minnesota,Democratic Party,4,#00AEC5,
"To direct the Secretary of Defense to ensure that the audit of the financial statements of the Department of Defense for fiscal year 2024 is conducted using technology that uses artificial intelligence, and for other purposes.",,H.R.7603,03/08/24,"Schweikert, David",House - Armed Services; Appropriations,Arizona,Republican Party,7,#00AEC5,
TAME Extreme Weather Act,,S.3888,03/06/24,"Schatz, Brian","Senate - Commerce, Science, and Transportation",Hawaii,Democratic Party,5,#00AEC5,
AI Transparency in Elections Act of 2024,"LAWYERS' COMMITTEE FOR CIVIL RIGHTS UNDER LAW, FOUNDATION FOR INDIVIDUAL RIGHTS AND EXPRESSION (FIRE), DEMOCRACY 21, PUBLIC CITIZEN, AMERICAN FEDERATION OF TEACHERS, AMERICAN CIVIL LIBERTIES UNION, AMERICAN SECURITY FUND, META PLATFORMS, INC. AND VARIOUS SUBSIDIARIES, CHAMBER OF COMMERCE OF THE U.S.A., NATIONAL ASSOCIATION OF BROADCASTERS, GOOGLE CLIENT SERVICES LLC, LEADERSHIP CONFERENCE ON CIVIL AND HUMAN RIGHTS",S.3875,03/06/2024,"Klobuchar, Amy",Senate - Rules and Administration,Minnesota,Democratic Party,4,#00AEC5,"Bill Name: AI Transparency in Elections Act of 2024
Sponsor: Klobuchar, Amy
Lobbying Companies: LAWYERS' COMMITTEE FOR CIVIL RIGHTS UNDER LAW, FOUNDATION FOR INDIVIDUAL RIGHTS AND EXPRESSION (FIRE), DEMOCRACY 21, PUBLIC CITIZEN, AMERICAN FEDERATION OF TEACHERS, AMERICAN CIVIL LIBERTIES UNION, AMERICAN SECURITY FUND, META PLATFORMS, INC. AND VARIOUS SUBSIDIARIES, CHAMBER OF COMMERCE OF THE U.S.A., NATIONAL ASSOCIATION OF BROADCASTERS, GOOGLE CLIENT SERVICES LLC, LEADERSHIP CONFERENCE ON CIVIL AND HUMAN RIGHTS"
Promoting United States Leadership in Standards Act of 2024,,S.3849,02/29/2024,"Warner, Mark R.","Senate - Commerce, Science, and Transportation",Virginia,Democratic Party,6,#00AEC5,
HEALTH AI,,H.R.7381,02/15/24,"Lieu, Ted",House - Energy and Commerce,California,Democratic Party,35,#007281,
Technology Workforce Framework Act of 2024,,S.3792,02/08/24,"Peters, Gary C.","Senate - Commerce, Science, and Transportation",Michigan,Democratic Party,15,#0090A3,
Protecting Innovation in Investment Act,,S.3735,02/06/24,"Cruz, Ted","Senate - Banking, Housing, and Urban Affairs",Texas,Republican Party,13,#0090A3,
Artificial Intelligence Environmental Impacts Act of 2024,,H.R.7197,02/01/24,"Eshoo, Anna G.","House - Science, Space, and Technology; Energy and Commerce",California,Democratic Party,35,#007281,
Artificial Intelligence Environmental Impacts Act of 2024,,S.3732,02/01/2024,"Markey, Edward J.","Senate - Commerce, Science, and Transportation",Massachusetts,Democratic Party,8,#00AEC5,
QUIET Act,,H.R.7123,01/29/2024,"Sorensen, Eric",House - Energy and Commerce,Illinois,Democratic Party,5,#00AEC5,
R U REAL Act,,H.R.7120,01/29/24,"Schakowsky, Janice D.",House - Energy and Commerce,Illinois,Democratic Party,5,#00AEC5,
No AI FRAUD Act,,H.R.6943,01/10/24,"Salazar, Maria Elvira",House - Judiciary,Florida,Republican Party,16,#0090A3,
Federal Artificial Intelligence Risk Management Act of 2024,"INSURED RETIREMENT INSTITUTE, WORKDAY, INC., TEAM HALLAHAN LLC ON BEHALF OF AMAZON WEB SERVICES, INC., INTERNATIONAL BUSINESS MACHINES CORPORATION (IBM), AMERICAN SECURITY FUND, INDEPENDENT COMMUNITY BANKERS OF AMERICA, AMERICAN BANKERS ASSOCIATION, AMERICA'S HEALTH INSURANCE PLANS INC (AHIP), BSA THE SOFTWARE ALLIANCE (FORMERLY BSA BUSINESS SOFTWARE ALLIANCE INC), AMERICAN APPAREL & FOOTWEAR ASSOCIATION, OPENAI OPCO, LLC, AMERICAN HOSPITAL ASSOCIATION, BUSINESS SOFTWARE ALLIANCE, TENABLE, AMAZON.COM SERVICES LLC, AMERICAN FED OF GOVERNMENT EMPLOYEES AFL-CIO, HITACHI, LTD, CHAMBER OF COMMERCE OF THE U.S.A., TENABLE INC",H.R.6936,1/10/2024,"Lieu, Ted","House - Oversight and Accountability; Science, Space, and Technology",California,Democratic Party,35,#007281,"Bill Name: Federal Artificial Intelligence Risk Management Act of 2024
Sponsor: Lieu, Ted
Lobbying Companies: INSURED RETIREMENT INSTITUTE, WORKDAY, INC., TEAM HALLAHAN LLC ON BEHALF OF AMAZON WEB SERVICES, INC., INTERNATIONAL BUSINESS MACHINES CORPORATION (IBM), AMERICAN SECURITY FUND, INDEPENDENT COMMUNITY BANKERS OF AMERICA, AMERICAN BANKERS ASSOCIATION, AMERICA'S HEALTH INSURANCE PLANS INC (AHIP), BSA THE SOFTWARE ALLIANCE (FORMERLY BSA BUSINESS SOFTWARE ALLIANCE INC), AMERICAN APPAREL & FOOTWEAR ASSOCIATION, OPENAI OPCO, LLC, AMERICAN HOSPITAL ASSOCIATION, BUSINESS SOFTWARE ALLIANCE, TENABLE, AMAZON.COM SERVICES LLC, AMERICAN FED OF GOVERNMENT EMPLOYEES AFL-CIO, HITACHI, LTD, CHAMBER OF COMMERCE OF THE U.S.A., TENABLE INC"
AI Foundation Model Transparency Act of 2023,"ANTI-DEFAMATION LEAGUE, NEWS MEDIA ALLIANCE, UNIVERSAL MUSIC GROUP, AMERICAN CIVIL LIBERTIES UNION, LINKEDIN CORPORATION, NEWS/MEDIA ALLIANCE, AMERICAN MEDICAL ASSOCIATION, ENTERTAINMENT SOFTWARE ASSOCIATION",H.R.6881,12/22/2023,"Beyer, Donald S., Jr.",House - Energy and Commerce,Virginia,Democratic Party,6,#00AEC5,"Bill Name: AI Foundation Model Transparency Act of 2023
Sponsor: Beyer, Donald S., Jr.
Lobbying Companies: ANTI-DEFAMATION LEAGUE, NEWS MEDIA ALLIANCE, UNIVERSAL MUSIC GROUP, AMERICAN CIVIL LIBERTIES UNION, LINKEDIN CORPORATION, NEWS/MEDIA ALLIANCE, AMERICAN MEDICAL ASSOCIATION, ENTERTAINMENT SOFTWARE ASSOCIATION"
FAIRR Act,MANAGED FUNDS ASSOCIATION,S.3554,12/18/2023,"Warner, Mark R.","Senate - Banking, Housing, and Urban Affairs",Virginia,Democratic Party,6,#00AEC5,"Bill Name: FAIRR Act
Sponsor: Warner, Mark R.
Lobbying Companies: MANAGED FUNDS ASSOCIATION"
Farm Tech Act,"TECHNOLOGY ASSOCIATION OF AMERICA INC, UNIVERSITY OF ALASKA, AMERICAN MEDICAL ASSOCIATION, NATIONAL EDUCATION ASSOCIATION, NCTA - THE INTERNET & TELEVISION ASSOCIATION, SYNONYM, PENNSYLVANIA FARM BUREAU, DUKE ENERGY CORPORATION, NEBRASKA FARM BUREAU FEDERATION, NV ENERGY, UNIVERSITY OF ILLINOIS, SMALL BUSINESS & ENTREPRENEURSHIP COUNCIL (SBE COUNCIL), CENTERPOINT ENERGY, U.S. PUBLIC INTEREST RESEARCH GROUP, AMERICAN FARM BUREAU FED, NATIONAL ASSOCIATION OF MANUFACTURERS, TRANSAMERICA COMPANIES, CHAMBER OF COMMERCE OF THE U.S.A., XCEL ENERGY INC, BIPARTISAN POLICY CENTER ACTION, THE IMMIGRATION HUB LLC",H.R.6806,12/14/2023,"Feenstra, Randy",House - Agriculture,Iowa,Republican Party,3,#00AEC5,"Bill Name: Farm Tech Act
Sponsor: Feenstra, Randy
Lobbying Companies: TECHNOLOGY ASSOCIATION OF AMERICA INC, UNIVERSITY OF ALASKA, AMERICAN MEDICAL ASSOCIATION, NATIONAL EDUCATION ASSOCIATION, NCTA - THE INTERNET & TELEVISION ASSOCIATION, SYNONYM, PENNSYLVANIA FARM BUREAU, DUKE ENERGY CORPORATION, NEBRASKA FARM BUREAU FEDERATION, NV ENERGY, UNIVERSITY OF ILLINOIS, SMALL BUSINESS & ENTREPRENEURSHIP COUNCIL (SBE COUNCIL), CENTERPOINT ENERGY, U.S. PUBLIC INTEREST RESEARCH GROUP, AMERICAN FARM BUREAU FED, NATIONAL ASSOCIATION OF MANUFACTURERS, TRANSAMERICA COMPANIES, CHAMBER OF COMMERCE OF THE U.S.A., XCEL ENERGY INC, BIPARTISAN POLICY CENTER ACTION, THE IMMIGRATION HUB LLC"
Artificial Intelligence Literacy Act of 2023,"SOCIETY FOR HUMAN RESOURCE MANAGEMENT, AMERICAN ASSOCIATION OF COMMUNITY COLLEGES, INFORMATION TECHNOLOGY INDUSTRY COUNCIL, BSA THE SOFTWARE ALLIANCE (FORMERLY BSA BUSINESS SOFTWARE ALLIANCE INC), AMERICAN DENTAL ASSOCIATION, NCTA - THE INTERNET & TELEVISION ASSOCIATION, AMERICAN FEDERATION OF TEACHERS, LINKEDIN CORPORATION, CHAMBER OF COMMERCE OF THE U.S.A., AMERICAN ACADEMY OF PEDIATRICS, DISCOVER FINANCIAL SERVICES, BUSINESS SOFTWARE ALLIANCE",H.R.6791,12/14/2023,"Blunt Rochester, Lisa",House - Energy and Commerce,Unknown State,Unknown Party,2,#00CCE7,"Bill Name: Artificial Intelligence Literacy Act of 2023
Sponsor: Blunt Rochester, Lisa
Lobbying Companies: SOCIETY FOR HUMAN RESOURCE MANAGEMENT, AMERICAN ASSOCIATION OF COMMUNITY COLLEGES, INFORMATION TECHNOLOGY INDUSTRY COUNCIL, BSA THE SOFTWARE ALLIANCE (FORMERLY BSA BUSINESS SOFTWARE ALLIANCE INC), AMERICAN DENTAL ASSOCIATION, NCTA - THE INTERNET & TELEVISION ASSOCIATION, AMERICAN FEDERATION OF TEACHERS, LINKEDIN CORPORATION, CHAMBER OF COMMERCE OF THE U.S.A., AMERICAN ACADEMY OF PEDIATRICS, DISCOVER FINANCIAL SERVICES, BUSINESS SOFTWARE ALLIANCE"
"To direct the Secretary of Defense to establish a working group to develop and coordinate an artificial intelligence initiative among the Five Eyes countries, and for other purposes.","WITH HONOR ACTION, INC.",H.R.6425,11/15/2023,"Gallagher, Mike",House - Foreign Affairs; Armed Services; Intelligence (Permanent Select),Wisconsin,Republican Party,1,#00CCE7,"Bill Name: To direct the Secretary of Defense to establish a working group to develop and coordinate an artificial intelligence initiative among the Five Eyes countries, and for other purposes.
Sponsor: Gallagher, Mike
Lobbying Companies: WITH HONOR ACTION, INC."
"Artificial Intelligence Research, Innovation, and Accountability Act of 2023","PALO ALTO NETWORKS, INC., MOTION PICTURE ASSOCIATION INC, BUSINESS ROUNDTABLE INC, PHARMACEUTICAL RESEARCH AND MANUFACTURERS OF AMERICA, ADOBE SYSTEMS INC., MICROSOFT CORPORATION, GSK (FKA GLAXOSMITHKLINE INC.), ENTERTAINMENT SOFTWARE ASSOCIATION, NCTA - THE INTERNET & TELEVISION ASSOCIATION, ORACLE CORPORATION, INFORMATION TECHNOLOGY INDUSTRY COUNCIL, INTERNATIONAL BUSINESS MACHINES CORPORATION (IBM), AMERICAN CIVIL LIBERTIES UNION, TNC (US) HOLDINGS INC, AMERICAN SECURITY FUND, MEDTRONIC, INC., BOSTON SCIENTIFIC CORPORATION, INFORMATION TECHNOLOGY INDUSTRY COUNCIL (ITI), BSA THE SOFTWARE ALLIANCE (FORMERLY BSA BUSINESS SOFTWARE ALLIANCE INC), AMERICAN COLLEGE OF OBSTETRICIANS AND GYNECOLOGISTS, MEDTRONIC INC, MOTOROLA SOLUTIONS INC, LINKEDIN CORPORATION, BIOTECHNOLOGY INNOVATION ORGANIZATION, OPENAI OPCO, LLC, NATIONAL ASSOCIATION OF BROADCASTERS, BUSINESS SOFTWARE ALLIANCE, DIGIMARC, HITACHI, LTD, AMERICAN FEDERATION OF TEACHERS, META PLATFORMS, INC. AND VARIOUS SUBSIDIARIES, CHAMBER OF COMMERCE OF THE U.S.A., HITACHI, LTD., CISCO SYSTEMS INC",S.3312,11/15/23,"Thune, John","Senate - Commerce, Science, and Transportation",South Dakota,Republican Party,10,#0090A3,"Bill Name: Artificial Intelligence Research, Innovation, and Accountability Act of 2023
Sponsor: Thune, John
Lobbying Companies: PALO ALTO NETWORKS, INC., MOTION PICTURE ASSOCIATION INC, BUSINESS ROUNDTABLE INC, PHARMACEUTICAL RESEARCH AND MANUFACTURERS OF AMERICA, ADOBE SYSTEMS INC., MICROSOFT CORPORATION, GSK (FKA GLAXOSMITHKLINE INC.), ENTERTAINMENT SOFTWARE ASSOCIATION, NCTA - THE INTERNET & TELEVISION ASSOCIATION, ORACLE CORPORATION, INFORMATION TECHNOLOGY INDUSTRY COUNCIL, INTERNATIONAL BUSINESS MACHINES CORPORATION (IBM), AMERICAN CIVIL LIBERTIES UNION, TNC (US) HOLDINGS INC, AMERICAN SECURITY FUND, MEDTRONIC, INC., BOSTON SCIENTIFIC CORPORATION, INFORMATION TECHNOLOGY INDUSTRY COUNCIL (ITI), BSA THE SOFTWARE ALLIANCE (FORMERLY BSA BUSINESS SOFTWARE ALLIANCE INC), AMERICAN COLLEGE OF OBSTETRICIANS AND GYNECOLOGISTS, MEDTRONIC INC, MOTOROLA SOLUTIONS INC, LINKEDIN CORPORATION, BIOTECHNOLOGY INNOVATION ORGANIZATION, OPENAI OPCO, LLC, NATIONAL ASSOCIATION OF BROADCASTERS, BUSINESS SOFTWARE ALLIANCE, DIGIMARC, HITACHI, LTD, AMERICAN FEDERATION OF TEACHERS, META PLATFORMS, INC. AND VARIOUS SUBSIDIARIES, CHAMBER OF COMMERCE OF THE U.S.A., HITACHI, LTD., CISCO SYSTEMS INC"
Federal Artificial Intelligence Risk Management Act of 2023,,S.3205,11/2/2023,"Moran, Jerry",Senate - Homeland Security and Governmental Affairs,Kansas,Republican Party,1,#00CCE7,
TEST AI Act of 2023,,S.3162,10/30/2023,"Lujan, Ben Ray","Senate - Commerce, Science, and Transportation",New Mexico,Democratic Party,4,#00AEC5,
Artificial Intelligence Advancement Act of 2023,,S.3050,10/17/23,"Rounds, Mike",Senate - Armed Services,South Dakota,Republican Party,10,#0090A3,
"A bill to specify control and management of Department of Defense data and to establish the Chief Digital and Artificial Intelligence Officer Governing Council, and for other purposes.",,S.3004,10/03/2023,"Manchin, Joe, III",Senate - Armed Services,West Virginia,Democratic Party,3,#00AEC5,
Preventing Deep Fake Scams Act,,H.R.5808,09/28/23,"Pettersen, Brittany",House - Financial Services,Colorado,Democratic Party,4,#00AEC5,
Protect Elections from Deceptive AI Act,,S.2770,09/12/2023,"Klobuchar, Amy",Senate - Rules and Administration,Minnesota,Democratic Party,4,#00AEC5,
Basic Allowance for Housing Calculation Improvement Act of 2023,,H.R.5230,08/18/23,"Bacon, Don",House - Armed Services,Nebraska,Republican Party,2,#00CCE7,
"Calling on the United States to champion a regional artificial intelligence strategy in the Americas to foster inclusive artificial intelligence systems that combat biases within marginalized groups and promote social justice, economic well-being, and democratic values.",,H.Res.649,08/08/2023,"Espaillat, Adriano","House - Foreign Affairs; Science, Space, and Technology",New York,Democratic Party,13,#0090A3,
CREATE AI Act of 2023,,H.R.5077,07/28/2023,"Eshoo, Anna G.","House - Science, Space, and Technology",California,Democratic Party,35,#007281,
CREATE AI Act of 2023,,S.2714,07/27/2023,"Heinrich, Martin","Senate - Commerce, Science, and Transportation",New Mexico,Democratic Party,4,#00AEC5,
Outbound Investment Transparency Act of 2023,,S.2678,07/27/2023,"Cornyn, John","Senate - Banking, Housing, and Urban Affairs",Texas,Republican Party,13,#0090A3,
Artificial Intelligence Bug Bounty Act of 2023,,S.2502,07/26/2023,"Rounds, Mike",Senate - Armed Services,South Dakota,Republican Party,10,#0090A3,
Consumer Safety Technology Act,,H.R.4814,07/20/2023,"Soto, Darren","House - Energy and Commerce | Senate - Commerce, Science, and Transportation",Florida,Democratic Party,16,#0090A3,
Artificial Intelligence and Biosecurity Risk Assessment Act,"AMERICAN SECURITY FUND, CHAMBER OF COMMERCE OF THE U.S.A.",S.2399,07/19/2023,"Markey, Edward J.","Senate - Health, Education, Labor, and Pensions",Massachusetts,Democratic Party,8,#00AEC5,"Bill Name: Artificial Intelligence and Biosecurity Risk Assessment Act
Sponsor: Markey, Edward J.
Lobbying Companies: AMERICAN SECURITY FUND, CHAMBER OF COMMERCE OF THE U.S.A."
Artificial Intelligence and Biosecurity Risk Assessment Act,"AMERICAN SECURITY FUND, CHAMBER OF COMMERCE OF THE U.S.A.",H.R.4704,07/18/2023,"Eshoo, Anna G.",House - Energy and Commerce,California,Democratic Party,35,#007281,"Bill Name: Artificial Intelligence and Biosecurity Risk Assessment Act
Sponsor: Eshoo, Anna G.
Lobbying Companies: AMERICAN SECURITY FUND, CHAMBER OF COMMERCE OF THE U.S.A."
Strategy for Public Health Preparedness and Response to Artificial Intelligence Threats,BIOTECHNOLOGY INNOVATION ORGANIZATION,S.2346,07/18/2023,"Budd, Ted","Senate - Health, Education, Labor, and Pensions",North Carolina,Republican Party,7,#00AEC5,"Bill Name: Strategy for Public Health Preparedness and Response to Artificial Intelligence Threats
Sponsor: Budd, Ted
Lobbying Companies: BIOTECHNOLOGY INNOVATION ORGANIZATION"
Closing Loopholes for the Overseas Use and Development of Artificial Intelligence Act,,H.R.4683,07/17/2023,"Jackson, Jeff",House - Foreign Affairs,North Carolina,Democratic Party,7,#00AEC5,
Candidate Voice Fraud Prohibition Act,COMMON CAUSE,H.R.4611,07/13/2023,"Espaillat, Adriano",House - House Administration,New York,Democratic Party,13,#0090A3,"Bill Name: Candidate Voice Fraud Prohibition Act
Sponsor: Espaillat, Adriano
Lobbying Companies: COMMON CAUSE"
Land Grant Research Prioritization Act of 2023,FARMERS EDUCATIONAL COOPERATIVE UNION OF AMERICA,S.2316,07/13/2023,"Rubio, Marco","Senate - Agriculture, Nutrition, and Forestry",Florida,Republican Party,16,#0090A3,"Bill Name: Land Grant Research Prioritization Act of 2023
Sponsor: Rubio, Marco
Lobbying Companies: FARMERS EDUCATIONAL COOPERATIVE UNION OF AMERICA"
AI LEAD Act,,S.2293,07/13/23,"Peters, Gary C.",Senate - Homeland Security and Governmental Affairs,Michigan,Democratic Party,15,#0090A3,
National Defense Authorization Act for Fiscal Year 2024,"NIDEC AMERICAS HOLDING CORPORATION, HERITAGE ACTION FOR AMERICA, PHARMACEUTICAL RESEARCH AND MANUFACTURERS OF AMERICA, PURDUE UNIVERSITY, LEEBCOR SERVICES, BUSINESS COUNCIL FOR SUSTAINABLE ENERGY, TRELLIX, MENTIS SCIENCES, INC., AMENTUM HOLDINGS, INC. FKA AMENTUM SERVICES, INC., HUMAN FACTORS AND ERGONOMICS SOCIETY, U.S. MERCHANT MARINE ACADEMY ALUMNI ASSOCIATION & FOUNDATION, INC., NCTA - THE INTERNET & TELEVISION ASSOCIATION, TENABLE INC, VOX SPACE, LLC, AMERICAN SOCIETY FOR ENGINEERING EDUCATION, UNIVERSITY OF NEW HAMPSHIRE, L3HARRIS TECHNOLOGIES, INC., EXOANALYTIC SOLUTIONS, INC., PLANNED PARENTHOOD FEDERATION OF AMERICA INC, HERMEUS CORP., LIGADO NETWORKS LLC, PARSONS CORPORATION, LANZAJET INC, AMERICAN CIVIL LIBERTIES UNION, CAPELLA EDUCATION COMPANY, AMERICAN LUNG ASSOCIATION, BAE SYSTEMS INC, KRATOS, NIMBIS SERVICES, INC., MERCURY SYSTEMS, INC., AMERICAN APPAREL & FOOTWEAR ASSOCIATION, CLOUDFLARE, NATIONAL MULTIFAMILY HOUSING COUNCIL INC, AMERICAN PUBLIC UNIVERSITY SYSTEM, SCHOLARPATH, V2X, THE CIGNA GROUP AND SUBSIDIARIES (FKA CIGNA CORPORATION AND SUBSIDIARIES), AMERICAN FED OF GOVERNMENT EMPLOYEES AFL-CIO, AMERICAN SUPERCONDUCTOR CORPORATION, INSTITUTE FOR VETERANS AND MILITARY FAMILIES AT SYRACUSE UNIVERSITY, AUSTAL USA, UNIVERSITY OF CALIFORNIA",S.2226,07/11/23,"Reed, Jack",Senate - Armed Services,Rhode Island,Democratic Party,4,#00AEC5,"Bill Name: National Defense Authorization Act for Fiscal Year 2024
Sponsor: Reed, Jack
Lobbying Companies: NIDEC AMERICAS HOLDING CORPORATION, HERITAGE ACTION FOR AMERICA, PHARMACEUTICAL RESEARCH AND MANUFACTURERS OF AMERICA, PURDUE UNIVERSITY, LEEBCOR SERVICES, BUSINESS COUNCIL FOR SUSTAINABLE ENERGY, TRELLIX, MENTIS SCIENCES, INC., AMENTUM HOLDINGS, INC. FKA AMENTUM SERVICES, INC., HUMAN FACTORS AND ERGONOMICS SOCIETY, U.S. MERCHANT MARINE ACADEMY ALUMNI ASSOCIATION & FOUNDATION, INC., NCTA - THE INTERNET & TELEVISION ASSOCIATION, TENABLE INC, VOX SPACE, LLC, AMERICAN SOCIETY FOR ENGINEERING EDUCATION, UNIVERSITY OF NEW HAMPSHIRE, L3HARRIS TECHNOLOGIES, INC., EXOANALYTIC SOLUTIONS, INC., PLANNED PARENTHOOD FEDERATION OF AMERICA INC, HERMEUS CORP., LIGADO NETWORKS LLC, PARSONS CORPORATION, LANZAJET INC, AMERICAN CIVIL LIBERTIES UNION, CAPELLA EDUCATION COMPANY, AMERICAN LUNG ASSOCIATION, BAE SYSTEMS INC, KRATOS, NIMBIS SERVICES, INC., MERCURY SYSTEMS, INC., AMERICAN APPAREL & FOOTWEAR ASSOCIATION, CLOUDFLARE, NATIONAL MULTIFAMILY HOUSING COUNCIL INC, AMERICAN PUBLIC UNIVERSITY SYSTEM, SCHOLARPATH, V2X, THE CIGNA GROUP AND SUBSIDIARIES (FKA CIGNA CORPORATION AND SUBSIDIARIES), AMERICAN FED OF GOVERNMENT EMPLOYEES AFL-CIO, AMERICAN SUPERCONDUCTOR CORPORATION, INSTITUTE FOR VETERANS AND MILITARY FAMILIES AT SYRACUSE UNIVERSITY, AUSTAL USA, UNIVERSITY OF CALIFORNIA"
AI Training Expansion Act of 2023,,H.R.4503,07/10/23,"Mace, Nancy",House - Oversight and Accountability,South Carolina,Republican Party,2,#00CCE7,
Jobs of the Future Act of 2023,,H.R.4498,07/06/2023,"Soto, Darren","House - Education and the Workforce; Science, Space, and Technology",Florida,Democratic Party,16,#0090A3,
Weather Information for Agriculture Act.,,H.R.4373,06/27/2023,"Collins, Mike","House - Science, Space, and Technology",Georgia,Republican Party,4,#00AEC5,
National AI Commission Act,,H.R.4223,06/20/2023,"Lieu, Ted","House - Science, Space, and Technology",California,Democratic Party,35,#007281,
Land Grant Research Prioritization Act of 2023,FARMERS EDUCATIONAL COOPERATIVE UNION OF AMERICA,H.R.4162,06/15/2023,"Franklin, C. Scott",House - Agriculture,Florida,Republican Party,16,#0090A3,"Bill Name: Land Grant Research Prioritization Act of 2023
Sponsor: Franklin, C. Scott
Lobbying Companies: FARMERS EDUCATIONAL COOPERATIVE UNION OF AMERICA"
A bill to waive immunity under section 230 of the Communications Act of 1934 for claims and charges related to generative artificial intelligence.,,S.1993,06/14/23,"Hawley, Josh","Senate - Commerce, Science, and Transportation",Missouri,Republican Party,2,#00CCE7,
Civil Nuclear Export Act of 2023,,S.1928,06/12/23,"Manchin, Joe, III","Senate - Banking, Housing, and Urban Affairs",West Virginia,Democratic Party,3,#00AEC5,
AI Disclosure Act of 2023,,H.R.3831,06/05/23,"Torres, Ritchie",House - Energy and Commerce,New York,Democratic Party,13,#0090A3,
United States-Israel Future of Warfare Act of 2023,,S.1802,06/01/2023,"Peters, Gary C.",Senate - Foreign Relations,Michigan,Democratic Party,15,#0090A3,
FAA Research and Development Act of 2023,,H.R.3559,05/22/2023,"Lucas, Frank D.","House - Science, Space, and Technology; Transportation and Infrastructure",Oklahoma,Republican Party,5,#00AEC5,
Artificial Intelligence Accountability Act,,H.R.3369,05/16/2023,"Harder, Josh",House - Energy and Commerce,California,Democratic Party,35,#007281,
ASK Act,,S.1626,05/16/2023,"Scott, Rick","Senate - Commerce, Science, and Transportation",Florida,Republican Party,16,#0090A3,
REAL Political Advertisements Act,,S.1596,05/15/23,"Klobuchar, Amy",Senate - Rules and Administration,Minnesota,Democratic Party,4,#00AEC5,
AI Leadership Training Act,,S.1564,05/11/23,"Peters, Gary C.",Senate - Homeland Security and Governmental Affairs,Michigan,Democratic Party,15,#0090A3,
National Critical Capabilities Defense Act of 2023,,H.R.3136,05/09/23,"DeLauro, Rosa L.",House - Ways and Means,Connecticut,Democratic Party,2,#00CCE7,
REAL Political Advertisements Act,,H.R.3044,05/02/23,"Clarke, Yvette D.",House - House Administration,New York,Democratic Party,13,#0090A3,
Block Nuclear Launch by Autonomous Artificial Intelligence Act of 2023,,S.1394,05/01/2023,"Markey, Edward J.",Senate - Armed Services,Massachusetts,Democratic Party,8,#00AEC5,
DOE and NSF Interagency Research Act,,H.R.2980,04/27/2023,"Stevens, Haley M.","House - Science, Space, and Technology | Senate - Commerce, Science, and Transportation",Michigan,Democratic Party,15,#0090A3,
ASSESS AI Act,,S.1356,04/27/2023,"Bennet, Michael F.","Senate - Commerce, Science, and Transportation",Colorado,Democratic Party,4,#00AEC5,
Block Nuclear Launch by Autonomous Artificial Intelligence Act of 2023,,H.R.2894,04/26/2023,"Lieu, Ted",House - Armed Services; Foreign Affairs,California,Democratic Party,35,#007281,
National Defense Authorization Act for Fiscal Year 2024,"NIDEC AMERICAS HOLDING CORPORATION, HERITAGE ACTION FOR AMERICA, PHARMACEUTICAL RESEARCH AND MANUFACTURERS OF AMERICA, PURDUE UNIVERSITY, LEEBCOR SERVICES, BUSINESS COUNCIL FOR SUSTAINABLE ENERGY, TRELLIX, MENTIS SCIENCES, INC., AMENTUM HOLDINGS, INC. FKA AMENTUM SERVICES, INC., HUMAN FACTORS AND ERGONOMICS SOCIETY, U.S. MERCHANT MARINE ACADEMY ALUMNI ASSOCIATION & FOUNDATION, INC., NCTA - THE INTERNET & TELEVISION ASSOCIATION, TENABLE INC, VOX SPACE, LLC, AMERICAN SOCIETY FOR ENGINEERING EDUCATION, UNIVERSITY OF NEW HAMPSHIRE, L3HARRIS TECHNOLOGIES, INC., EXOANALYTIC SOLUTIONS, INC., PLANNED PARENTHOOD FEDERATION OF AMERICA INC, HERMEUS CORP., LIGADO NETWORKS LLC, PARSONS CORPORATION, LANZAJET INC, AMERICAN CIVIL LIBERTIES UNION, CAPELLA EDUCATION COMPANY, AMERICAN LUNG ASSOCIATION, BAE SYSTEMS INC, KRATOS, NIMBIS SERVICES, INC., MERCURY SYSTEMS, INC., AMERICAN APPAREL & FOOTWEAR ASSOCIATION, CLOUDFLARE, NATIONAL MULTIFAMILY HOUSING COUNCIL INC, AMERICAN PUBLIC UNIVERSITY SYSTEM, SCHOLARPATH, V2X, THE CIGNA GROUP AND SUBSIDIARIES (FKA CIGNA CORPORATION AND SUBSIDIARIES), AMERICAN FED OF GOVERNMENT EMPLOYEES AFL-CIO, AMERICAN SUPERCONDUCTOR CORPORATION, INSTITUTE FOR VETERANS AND MILITARY FAMILIES AT SYRACUSE UNIVERSITY, AUSTAL USA, UNIVERSITY OF CALIFORNIA",H.R.2670,04/18/23,"Rogers, Mike D.",House - Armed Services,Alabama,Republican Party,2,#00CCE7,"Bill Name: National Defense Authorization Act for Fiscal Year 2024
Sponsor: Rogers, Mike D.
Lobbying Companies: NIDEC AMERICAS HOLDING CORPORATION, HERITAGE ACTION FOR AMERICA, PHARMACEUTICAL RESEARCH AND MANUFACTURERS OF AMERICA, PURDUE UNIVERSITY, LEEBCOR SERVICES, BUSINESS COUNCIL FOR SUSTAINABLE ENERGY, TRELLIX, MENTIS SCIENCES, INC., AMENTUM HOLDINGS, INC. FKA AMENTUM SERVICES, INC., HUMAN FACTORS AND ERGONOMICS SOCIETY, U.S. MERCHANT MARINE ACADEMY ALUMNI ASSOCIATION & FOUNDATION, INC., NCTA - THE INTERNET & TELEVISION ASSOCIATION, TENABLE INC, VOX SPACE, LLC, AMERICAN SOCIETY FOR ENGINEERING EDUCATION, UNIVERSITY OF NEW HAMPSHIRE, L3HARRIS TECHNOLOGIES, INC., EXOANALYTIC SOLUTIONS, INC., PLANNED PARENTHOOD FEDERATION OF AMERICA INC, HERMEUS CORP., LIGADO NETWORKS LLC, PARSONS CORPORATION, LANZAJET INC, AMERICAN CIVIL LIBERTIES UNION, CAPELLA EDUCATION COMPANY, AMERICAN LUNG ASSOCIATION, BAE SYSTEMS INC, KRATOS, NIMBIS SERVICES, INC., MERCURY SYSTEMS, INC., AMERICAN APPAREL & FOOTWEAR ASSOCIATION, CLOUDFLARE, NATIONAL MULTIFAMILY HOUSING COUNCIL INC, AMERICAN PUBLIC UNIVERSITY SYSTEM, SCHOLARPATH, V2X, THE CIGNA GROUP AND SUBSIDIARIES (FKA CIGNA CORPORATION AND SUBSIDIARIES), AMERICAN FED OF GOVERNMENT EMPLOYEES AFL-CIO, AMERICAN SUPERCONDUCTOR CORPORATION, INSTITUTE FOR VETERANS AND MILITARY FAMILIES AT SYRACUSE UNIVERSITY, AUSTAL USA, UNIVERSITY OF CALIFORNIA"
"Simplify, Dont Amplify the IRS Act",,H.R.2556,04/10/2023,"Harshbarger, Diana",House - Ways and Means; Financial Services; Oversight and Accountability,Tennessee,Republican Party,3,#00AEC5,
MARTTE Act of 2023,,S.1123,03/30/2023,"Duckworth, Tammy",Senate - Armed Services,Illinois,Democratic Party,5,#00AEC5,
"Simplify, Dont Amplify the IRS Act",,S.1101,03/30/2023,"Braun, Mike",Senate - Finance,Indiana,Republican Party,3,#00AEC5,
"A bill to direct the Secretary of State to submit to Congress a report on implementation of the advanced capabilities pillar of the trilateral security partnership between Australia, the United Kingdom, and the United States.",,S.1006,03/28/2023,"Blumenthal, Richard",Senate - Foreign Relations,Connecticut,Democratic Party,2,#00CCE7,
United States-Israel Future of Warfare Act of 2023,,H.R.1777,03/24/2023,"Wilson, Joe",House - Armed Services,South Carolina,Republican Party,2,#00CCE7,
AI for National Security Act,,H.R.1718,03/22/2023,"Obernolte, Jay",House - Armed Services,California,Republican Party,35,#007281,
Advanced Weather Model Computing Development Act,,H.R.1715,03/22/2023,"Miller, Max L.","House - Science, Space, and Technology | Senate - Commerce, Science, and Transportation",Ohio,Republican Party,6,#00AEC5,
Promoting Precision Agriculture Act of 2023,,H.R.1697,03/22/23,"Davis, Donald G.",House - Agriculture,North Carolina,Democratic Party,7,#00AEC5,
Promoting Precision Agriculture Act of 2023,,S.734,03/09/2023,"Thune, John","Senate - Agriculture, Nutrition, and Forestry",South Dakota,Republican Party,10,#0090A3,
"To direct the Secretary of State to submit to Congress a report on implementation of the advanced capabilities pillar of the trilateral security partnership between Australia, the United Kingdom, and the United States.",,H.R.1093,02/17/23,"McCaul, Michael T.",House - Foreign Affairs | Senate - Foreign Relations,Texas,Republican Party,13,#0090A3,
Water Quality and Environmental Innovation Act,,H.R.873,02/08/23,"Donalds, Byron","House - Transportation and Infrastructure; Energy and Commerce; Science, Space, and Technology",Florida,Republican Party,16,#0090A3,
Stop Spying Bosses Act,,S.262,02/02/2023,"Casey, Robert P., Jr.","Senate - Health, Education, Labor, and Pensions",Pennsylvania,Democratic Party,4,#00AEC5,
Expressing support for Congress to focus on artificial intelligence.,,H.Res.66,01/26/2023,"Lieu, Ted","House - Science, Space, and Technology",California,Democratic Party,35,#007281,
Healthy Technology Act of 2023,,H.R.206,01/09/23,"Schweikert, David",House - Energy and Commerce,Arizona,Republican Party,7,#00AEC5,
Federal AI Governance and Transparency Act,,H.R.7532,03/05/2024,"Comer, James",House - Oversight and Accountability,Kentucky,Republican Party,2,#00CCE7,
AI Labeling Act of 2023,,S.2691,7/27/2023,"Schatz, Brian","Senate - Commerce, Science, and Transportation",Hawaii,Democratic Party,5,#00AEC5,
AI Labeling Act of 2023,,H.R.6466,11/21/23,"Kean, Thomas H.","House - Energy and Commerce; Science, Space, and Technology",New Jersey,Republican Party,6,#00AEC5,
Ending FCC Meddling in Our Elections Act,,S.4594,06/18/2024,"Lee, Mike","Senate - Commerce, Science, and Transportation",Utah,Republican Party,3,#00AEC5,
Advisory for AI-Generated Content Act,,S.2765,09/12/23,"Ricketts, Pete","Senate - Commerce, Science, and Transportation",Nebraska,Republican Party,2,#00CCE7,
Do Not Disturb Act,,H.R.7116,01/29/2024,"Pallone, Frank, Jr.",House - Energy and Commerce,New Jersey,Democratic Party,6,#00AEC5,
Ensuring Safe and Ethical AI Development Through SAFE AI Research Grants,,H.R.6088,10/26/2023,"Kiley, Kevin","House - Science, Space, and Technology",California,Republican Party,35,#007281,
Protect Elections from Deceptive AI Act,,H.R.8384,05/14/2024,"Kilmer, Derek",House - House Administration,Washington,Democratic Party,10,#0090A3,
CATCH Fentanyl Act,,S.4062,03/22/2024,"Cornyn, John",Senate - Homeland Security and Governmental Affairs,Texas,Republican Party,13,#0090A3,
TAG Act,,H.R.6886,12/22/2023,"Higgins, Clay",House - Oversight and Accountability,Louisiana,Republican Party,4,#00AEC5,
CATCH Fentanyl Act,,H.R.9722,09/20/2024,"Higgins, Clay",House - Homeland Security,Louisiana,Republican Party,4,#00AEC5,
Eliminating Bias in Algorithmic Systems Act of 2023,,S.3478,12/12/23,"Markey, Edward J.",Senate - Homeland Security and Governmental Affairs,Massachusetts,Democratic Party,8,#00AEC5,
TAG Act,,S.1865,06/07/23,"Peters, Gary C.",Senate - Homeland Security and Governmental Affairs,Michigan,Democratic Party,15,#0090A3,
Eliminating Bias in Algorithmic Systems Act of 2024,,H.R.10092,11/01/24,"Lee, Summer L.",House - Oversight and Accountability,Pennsylvania,Democratic Party,4,#00AEC5,
NRC Survey Act,,H.R.1006,02/14/2023,"Donalds, Byron",House - Energy and Commerce,Florida,Republican Party,16,#0090A3,
FIT Procurement Act,,S.4066,03/22/2024,"Peters, Gary C.",Senate - Homeland Security and Governmental Affairs,Michigan,Democratic Party,15,#0090A3,
Department of State Authorization Act of 2023,,S.2043,06/15/2023,"Menendez, Robert",Senate - Foreign Relations,New Jersey,Democratic Party,6,#00AEC5,
National Defense Authorization Act for Fiscal Year 2025,,S.4638,07/08/24,"Reed, Jack",Senate - Armed Services,Rhode Island,Democratic Party,4,#00AEC5,
Servicemember Quality of Life Improvement and National Defense Authorization Act for Fiscal Year 2025,,H.R.8070,04/18/2024,"Rogers, Mike D.",House - Armed Services,Alabama,Republican Party,2,#00CCE7,
Digital Consumer Protection Commission Act of 2023,,S.2597,07/27/2023,"Warren, Elizabeth",Senate - Judiciary,Massachusetts,Democratic Party,8,#00AEC5,
Health Equity and Accountability Act of 2024,,H.R.9161,07/25/2024,"Lee, Barbara",House - Energy and Commerce; Ways and Means; Agriculture; Oversight and Accountability; Education and the Workforce; Judiciary; Budget; Veterans' Affairs; Natural Resources; Armed Services; Homeland Security; Financial Services; Transportation and Infrastructure,California,Democratic Party,35,#007281,
Health Equity and Accountability Act of 2024,,S.4773,07/25/2024,"Hirono, Mazie K.",Senate - Finance,Hawaii,Democratic Party,5,#00AEC5,
AI JOBS Act of 2022,,H.R.6553,02/01/22,"Soto, Darren",House - Education and Labor,Florida,Democratic Party,16,#0090A3,
AI Training Act,,S.2551,07/29/2021,"Peters, Gary C.",Senate - Homeland Security and Governmental Affairs,Michigan,Democratic Party,15,#0090A3,
GOOD AI Act of 2021,,S.3035,10/21/2021,"Peters, Gary C.",Senate - Homeland Security and Governmental Affairs,Michigan,Democratic Party,15,#0090A3,
GOOD AI Act of 2022,,H.R.7296,03/30/2022,"Lawrence, Brenda L.",House - Oversight and Reform,Michigan,Democratic Party,15,#0090A3,
AI Scholarship-for-Service Act,,S.1257,04/20/2021,"Peters, Gary C.","Senate - Commerce, Science, and Transportation",Michigan,Democratic Party,15,#0090A3,
AI Training Act,,H.R.7683,05/06/22,"Maloney, Carolyn B.",House - Oversight and Reform,New York,Democratic Party,13,#0090A3,
Advancing American AI Act,,S.1353,04/22/2021,"Peters, Gary C.",Senate - Homeland Security and Governmental Affairs,Michigan,Democratic Party,15,#0090A3,
Fellowships and Traineeships for Early-Career AI Researchers Act,,H.R.3844,06/11/21,"Obernolte, Jay","House - Science, Space, and Technology",California,Republican Party,35,#007281,
AI for Agency Impact Act,,H.R.4468,07/16/2021,"Maloney, Carolyn B.",House - Oversight and Reform,New York,Democratic Party,13,#0090A3,
AI in Counterterrorism Oversight Enhancement Act,,H.R.4469,07/16/2021,"Maloney, Carolyn B.",House - Oversight and Reform; Homeland Security; Judiciary; Intelligence (Permanent Select),New York,Democratic Party,13,#0090A3,
Consumer Safety Technology Act,,H.R.3723,06/04/21,"McNerney, Jerry","House - Energy and Commerce | Senate - Commerce, Science, and Transportation",California,Democratic Party,35,#007281,
United States Innovation and Competition Act of 2021,,H.R.4521,07/19/2021,"Johnson, Eddie Bernice","House - Science, Space, and Technology; Agriculture; Energy and Commerce",Texas,Democratic Party,13,#0090A3,
Stopping Unlawful Negative Machine Impacts through National Evaluation Act,,S.5351,12/21/2022,"Portman, Rob","Senate - Commerce, Science, and Transportation",Ohio,Republican Party,6,#00AEC5,
Healthy Technology Act of 2021,,H.R.5467,09/30/2021,"Schweikert, David",House - Energy and Commerce,Arizona,Republican Party,7,#00AEC5,
AI for National Security Act,,H.R.7811,05/18/2022,"Obernolte, Jay",House - Armed Services,California,Republican Party,35,#007281,
Department of Defense Artificial Intelligence Metrics Act of 2021,,S.2904,09/30/2021,"Rounds, Mike",Senate - Armed Services,South Dakota,Republican Party,10,#0090A3,
AICT Act of 2021,,S.1705,05/19/2021,"Heinrich, Martin",Senate - Armed Services,New Mexico,Democratic Party,4,#00AEC5,
Democracy Technology Partnership Act,,H.R.3426,05/20/2021,"Moulton, Seth",House - Foreign Affairs,Massachusetts,Democratic Party,8,#00AEC5,
Democracy Technology Partnership Act,,S.604,03/04/21,"Warner, Mark R.",Senate - Foreign Relations,Virginia,Democratic Party,6,#00AEC5,
NRC Survey Act,,H.R.9351,11/22/2022,"Donalds, Byron",House - Energy and Commerce,Florida,Republican Party,16,#0090A3,
National Science Foundation for the Future Act,,H.R.2225,03/26/2021,"Johnson, Eddie Bernice","House - Science, Space, and Technology | Senate - Health, Education, Labor, and Pensions",Texas,Democratic Party,13,#0090A3,
Coast Guard Authorization Act of 2022,,S.4802,09/08/22,"Cantwell, Maria","Senate - Commerce, Science, and Transportation",Washington,Democratic Party,10,#0090A3,
Securing American Leadership in Science and Technology Act of 2021,,H.R.2153,03/23/2021,"Lucas, Frank D.","House - Science, Space, and Technology; Judiciary; Small Business",Oklahoma,Republican Party,5,#00AEC5,
James M. Inhofe National Defense Authorization Act for Fiscal Year 2023,,H.R.7776,05/16/2022,"DeFazio, Peter A.",House - Transportation and Infrastructure,Oregon,Democratic Party,2,#00CCE7,
CHIPS and Science Act,,H.R.4346,07/01/21,"Ryan, Tim",House - Appropriations | Senate - Appropriations,Ohio,Democratic Party,6,#00AEC5,
James M. Inhofe National Defense Authorization Act for Fiscal Year 2023,,S.4543,07/18/2022,"Reed, Jack",Senate - Armed Services,Rhode Island,Democratic Party,4,#00AEC5,
United States Innovation and Competition Act of 2021,,S.1260,04/20/2021,"Schumer, Charles E.","Senate - Commerce, Science, and Transportation",New York,Democratic Party,13,#0090A3,
National Defense Authorization Act for Fiscal Year 2022,,S.1605,05/13/2021,"Scott, Rick",Senate - Energy and Natural Resources,Florida,Republican Party,16,#0090A3,
National Defense Authorization Act for Fiscal Year 2022,,S.2792,09/22/2021,"Reed, Jack",Senate - Armed Services,Rhode Island,Democratic Party,4,#00AEC5,
National Defense Authorization Act for Fiscal Year 2022,,H.R.4350,07/02/21,"Smith, Adam",House - Armed Services,Washington,Democratic Party,10,#0090A3,
National Defense Authorization Act for Fiscal Year 2023,,H.R.7900,05/27/2022,"Smith, Adam",House - Armed Services,Washington,Democratic Party,10,#0090A3,
Health Equity and Accountability Act of 2022,,H.R.7585,04/26/2022,"Kelly, Robin L.",House - Energy and Commerce; Agriculture; Oversight and Reform; Ways and Means; Education and Labor; Judiciary; Budget; Veterans' Affairs; Natural Resources; Armed Services; Homeland Security; Financial Services; Transportation and Infrastructure,Illinois,Democratic Party,5,#00AEC5,
Health Equity and Accountability Act of 2022,,S.4486,06/23/2022,"Booker, Cory A.",Senate - Finance,New Jersey,Democratic Party,6,#00AEC5,
Inflation Reduction Act of 2022,,H.R.5376,09/27/2021,"Yarmuth, John A.",House - Budget,Kentucky,Democratic Party,2,#00CCE7,
AI JOBS Act of 2019,,H.R.827,01/28/2019,"Soto, Darren",House - Education and Labor,Florida,Democratic Party,16,#0090A3,
AI Scholarship-for-Service Act,,S.3901,06/04/20,"Peters, Gary C.","Senate - Health, Education, Labor, and Pensions",Michigan,Democratic Party,15,#0090A3,
AIIA,,S.1558,05/21/2019,"Heinrich, Martin","Senate - Commerce, Science, and Transportation",New Mexico,Democratic Party,4,#00AEC5,
National AI Research Resource Task Force Act of 2020,,H.R.7096,06/04/20,"Eshoo, Anna G.","House - Science, Space, and Technology",California,Democratic Party,35,#007281,
AI Careers Act of 2020,,H.R.7339,06/25/2020,"Cohen, Steve","House - Science, Space, and Technology",Tennessee,Democratic Party,3,#00AEC5,
National AI Research Resource Task Force Act of 2020,,S.3890,06/04/20,"Portman, Rob","Senate - Commerce, Science, and Transportation",Ohio,Republican Party,6,#00AEC5,
Consumer Safety Technology Act,,H.R.8128,08/28/2020,"McNerney, Jerry","House - Energy and Commerce | Senate - Commerce, Science, and Transportation",California,Democratic Party,35,#007281,
AI in Government Act of 2020,,H.R.2575,05/08/19,"McNerney, Jerry",House - Oversight and Reform,California,Democratic Party,35,#007281,
AI in Government Act of 2019,,S.1363,05/08/19,"Schatz, Brian",Senate - Homeland Security and Governmental Affairs,Hawaii,Democratic Party,5,#00AEC5,
Future DATA Act,,H.R.2432,05/01/19,"Dunn, Neal P.",House - Armed Services,Florida,Republican Party,16,#0090A3,
ADAPT Act,,H.R.8183,09/08/20,"Brown, Anthony G.",House - Armed Services,Maryland,Democratic Party,1,#00CCE7,
Artificial Intelligence Standards and National Security Act,,S.4082,06/25/2020,"Bennet, Michael F.",Senate - Armed Services,Colorado,Democratic Party,4,#00AEC5,
Advancing Innovation to Assist Law Enforcement Act,,H.R.2613,05/09/19,"Gonzalez, Anthony","House - Financial Services | Senate - Banking, Housing, and Urban Affairs",Ohio,Republican Party,6,#00AEC5,
Intelligence Authorization Act for Fiscal Year 2021,,H.R.7856,07/30/2020,"Schiff, Adam B.",House - Intelligence (Permanent Select),California,Democratic Party,35,#007281,
Securing American Leadership in Science and Technology Act of 2020,,H.R.5685,01/28/2020,"Lucas, Frank D.","House - Science, Space, and Technology; Judiciary; Small Business; Natural Resources; Foreign Affairs",Oklahoma,Republican Party,5,#00AEC5,
"William M. (Mac) Thornberry National 
 Defense Authorization Act for Fiscal Year 2021",,H.R.6395,03/26/2020,"Smith, Adam",House - Armed Services,Washington,Democratic Party,10,#0090A3,
COUNTER Act of 2019,,H.R.2514,05/03/19,"Cleaver, Emanuel","House - Financial Services; Ways and Means | Senate - Banking, Housing, and Urban Affairs",Missouri,Democratic Party,2,#00CCE7,
"National Defense Authorization Act 
 for Fiscal Year 2020",,S.1790,06/11/19,"Inhofe, James M.",Senate - Armed Services,Oklahoma,Republican Party,5,#00AEC5,
National Defense Authorization Act for Fiscal Year 2021,,S.4049,06/23/2020,"Inhofe, James M.",Senate - Armed Services,Oklahoma,Republican Party,5,#00AEC5,
Corporate Transparency Act of 2019,,H.R.2513,05/03/19,"Maloney, Carolyn B.","House - Financial Services | Senate - Banking, Housing, and Urban Affairs",New York,Democratic Party,13,#0090A3,
National Defense Authorization Act for Fiscal Year 2020,,H.R.2500,05/02/19,"Smith, Adam",House - Armed Services,Washington,Democratic Party,10,#0090A3,
"Consolidated Appropriations Act, 2021",,H.R.133,01/03/19,"Cuellar, Henry",House - Foreign Affairs | Senate - Foreign Relations,Texas,Democratic Party,13,#0090A3,
Jobs and Justice Act of 2020,,H.R.8352,09/23/2020,"Bass, Karen","House - Judiciary; Agriculture; Armed Services; Budget; Education and Labor; Energy and Commerce; Financial Services; Foreign Affairs; Homeland Security; House Administration; Natural Resources; Oversight and Reform; Rules; Science, Space, and Technology; Small Business; Transportation and Infrastructure; Veterans' Affairs; Ways and Means",California,Democratic Party,35,#007281,
AI JOBS Act of 2018,,H.R.4829,01/18/2018,"Soto, Darren",House - Education and the Workforce,Florida,Democratic Party,16,#0090A3,
AI in Government Act of 2018,,S.3502,09/26/2018,"Schatz, Brian",Senate - Homeland Security and Governmental Affairs,Hawaii,Democratic Party,5,#00AEC5,
National Defense Authorization Act for Fiscal Year 2017,,S.2943,05/18/2016,"McCain, John",Senate - Armed Services,Arizona,Republican Party,7,#00AEC5,
National Defense Authorization Act for Fiscal Year 2017,,H.R.4909,04/12/16,"Thornberry, Mac",House - Armed Services,Texas,Republican Party,13,#0090A3,
"Consolidated Appropriations Act, 2001",,H.R.4577,06/01/00,"Porter, John Edward",House - Appropriations,Illinois,Republican Party,5,#00AEC5,
National High-Performance Computer Technology Act of 1989,,H.R.3131,08/03/89,"Walgren, Doug","House - Science, Space and Technology",Pennsylvania,Democratic Party,4,#00AEC5,
High-Performance Computing Act of 1990,,S.1067,05/18/1989,"Gore, Albert, Jr.","Senate - Commerce, Science, and Transportation | House - Science, Space and Technology",Tennessee,Democratic Party,3,#00AEC5,
